CPUMeterCommonUpdateMode	local_3c	-60	4
ClockMeter_updateValues	result	-88	56
DateMeter_updateValues	result	-88	56
DateTimeMeter_updateValues	result	-88	56
print_backtrace	backtraceArray	-2088	2048
Affinity_rowSet	cpuset	-152	128
Compat_faccessat	statinfo	-216	144
CRT_init	local_d9	-217	1
CRT_init	local_d0	-208	128
CRT_init	local_50	-80	4
CRT_init	local_40	-64	8
CRT_init	sequence	-216	3
DynamicMeter_search	local_39	-57	1
DynamicScreen_search	local_39	-57	1
FunctionBar_drawExtra	local_3c	-60	4
Action_pickFromVector	local_60	-96	4
Action_pickFromVector	panelFocus	-72	8
Action_pickFromVector	ch	-76	4
Action_pickFromVector	local_40	-64	8
FunctionBar_newEnterEsc	functions	-40	24
actionSetSortColumn	functions	-88	24
actionSetSortColumn	local_a8	-168	16
actionSetSortColumn	local_80	-128	8
actionSetSortColumn	local_78	-120	8
actionSetSortColumn	local_70	-112	8
actionSetSortColumn	local_68	-104	8
actionSetSortColumn	uStack_88	-136	8
actionSetSortColumn	local_60	-96	8
CategoriesPanel_new	auStack_68	-104	8
CategoriesPanel_new	local_98	-152	32
CategoriesPanel_new	local_60	-96	8
CategoriesPanel_new	local_58	-88	8
CategoriesPanel_new	local_50	-80	8
CategoriesPanel_new	local_40	-64	8
ColorsPanel_new	local_88	-136	16
ColorsPanel_new	local_68	-104	8
ColorsPanel_new	local_60	-96	8
ColorsPanel_new	local_54	-84	4
ColorsPanel_new	local_50	-80	8
ColorsPanel_new	local_40	-64	8
DisplayOptionsPanel_new	local_d8	-216	48
DisplayOptionsPanel_new	local_90	-144	8
DisplayOptionsPanel_new	local_84	-132	4
DisplayOptionsPanel_new	auStack_98	-152	8
DisplayOptionsPanel_new	local_80	-128	8
DisplayOptionsPanel_new	tabheader	-120	47
actionSetSchedPolicy	local_49	-73	1
actionSetSchedPolicy	param	-68	4
actionKill	local_a8	-168	28
actionKill	local_78	-120	8
actionKill	local_70	-112	8
actionKill	local_68	-104	8
actionKill	local_5c	-92	4
actionKill	local_58	-88	8
actionKill	local_50	-80	8
actionKill	local_40	-64	8
actionFilterByUser	local_d8	-216	64
actionFilterByUser	local_78	-120	8
actionFilterByUser	local_6c	-108	4
actionFilterByUser	local_68	-104	8
actionFilterByUser	local_60	-96	8
actionFilterByUser	auStack_88	-136	16
actionFilterByUser	functions	-88	24
ColumnsPanel_new	local_a8	-168	48
ColumnsPanel_new	local_68	-104	8
ColumnsPanel_new	local_60	-96	8
ColumnsPanel_new	local_58	-88	8
ColumnsPanel_new	local_50	-80	8
ColumnsPanel_new	local_40	-64	8
AffinityPanel_new	local_b8	-184	32
AffinityPanel_new	local_88	-136	8
AffinityPanel_new	local_80	-128	8
AffinityPanel_new	local_78	-120	8
AffinityPanel_new	local_70	-112	8
AffinityPanel_new	local_68	-104	8
AffinityPanel_new	local_60	-96	8
AffinityPanel_new	number	-88	16
actionSetAffinity	width	-68	4
actionSetAffinity	local_40	-64	8
AvailableColumnsPanel_addDynamicColumn	description	-312	256
AvailableColumnsPanel_addPlatformColumns	description	-328	256
AvailableColumnsPanel_new	local_b8	-184	64
AvailableColumnsPanel_new	local_68	-104	8
AvailableColumnsPanel_new	local_60	-96	8
AvailableColumnsPanel_new	local_54	-84	4
AvailableColumnsPanel_new	local_50	-80	8
AvailableColumnsPanel_new	local_40	-64	8
AvailableMetersPanel_new	local_94	-148	4
AvailableMetersPanel_new	local_90	-144	8
AvailableMetersPanel_new	local_88	-136	8
AvailableMetersPanel_new	local_80	-128	8
AvailableMetersPanel_new	functions	-120	24
AvailableMetersPanel_new	local_f8	-248	64
AvailableMetersPanel_new	local_a8	-168	8
AvailableMetersPanel_new	local_a0	-160	8
Compat_readlink	fdPath	-8312	32
Compat_readlink	dirPath	-4168	4097
Compat_readlink	linkPath	-8280	4097
CPUMeter_init	caption	-58	10
BatteryMeter_updateValues	local_20	-32	8
BatteryMeter_updateValues	isOnAC	-44	4
BatteryMeter_updateValues	percent	-40	8
CategoriesPanel_makeMetersPage	titleBuffer	-104	32
CommandLine_run	opti	-680	4
CommandLine_run	lStack_2a0	-672	8
CommandLine_run	uStack_2a4	-676	4
CommandLine_run	local_2b8	-696	4
CommandLine_run	flags	-632	48
CommandLine_run	state	-664	32
CommandLine_run	long_opts	-584	512
CommandScreen_scan	local_68	-104	8
CommandScreen_scan	local_60	-96	8
CommandScreen_scan	local_58	-88	8
CommandScreen_scan	local_50	-80	8
CommandScreen_scan	local_40	-64	8
CPUMeter_updateValues	cpuUsageBuffer	-112	8
CPUMeter_updateValues	cpuFrequencyBuffer	-88	16
CPUMeter_updateValues	cpuTemperatureBuffer	-104	16
CPUMeter_display	buffer	-120	50
CPUMeter_display	cpuFrequencyBuffer	-130	10
CPUMeter_display	local_b8	-184	8
CPUMeter_display	local_ac	-172	4
CPUMeter_display	local_a8	-168	8
CPUMeter_display	local_a0	-160	8
CPUMeter_display	local_98	-152	8
CPUMeter_display	local_90	-144	8
FileDescriptorMeter_display	buffer	-120	50
DiskIOMeter_updateValues	data	-72	24
DiskIOMeter_display	buffer	-72	16
TextItem_display	auStack_58	-88	12
TextItem_display	local_4c	-76	4
TextItem_display	local_40	-64	8
ProcessTable_iterateEntries	buf	-56	16
Header_draw	local_54	-84	4
Header_draw	local_48	-72	8
Header_draw	local_3c	-60	4
Header_calculateHeight	local_50	-80	4
Panel_setHeader	auStack_58	-88	8
Panel_setHeader	local_50	-80	8
Panel_setHeader	local_40	-64	8
TextMeterMode_draw	local_26c8	-9928	8
TextMeterMode_draw	out	-9912	9848
LEDMeterMode_draw	out	-9912	9848
LEDMeterMode_draw	wc	-9944	28
LEDMeterMode_draw	local_26f4	-9972	4
Machine_scanTables	ts	-72	16
ListItem_display	local_68	-104	8
ListItem_display	local_60	-96	8
ListItem_display	local_54	-84	4
ListItem_display	local_50	-80	8
ListItem_display	local_40	-64	8
BarMeterMode_draw	blockSizes	-9960	40
BarMeterMode_draw	local_26f0	-9968	4
BarMeterMode_draw	bar	-9912	9848
Process_fillStarttimeBuffer	date	-104	56
Header_setLayout	local_40	-64	8
GraphMeterMode_draw	local_58	-88	8
GraphMeterMode_draw	local_40	-64	4
Panel_selectByTyping	local_50	-80	4
Process_makeCommandStr	local_b8	-184	4
Process_makeCommandStr	local_98	-152	4
Process_makeCommandStr	local_94	-148	4
Process_makeCommandStr	local_90	-144	8
Process_makeCommandStr	local_80	-128	8
Process_makeCommandStr	local_60	-96	8
Process_makeCommandStr	local_58	-88	8
Header_populateFromSettings	local_80	-128	8
Header_populateFromSettings	param	-108	4
Header_populateFromSettings	dynamic	-104	32
Header_writeBackToSettings	local_40	-64	8
Header_writeBackToSettings	name	-72	8
HeaderOptionsPanel_new	auStack_68	-104	8
HeaderOptionsPanel_new	local_a8	-168	48
HeaderOptionsPanel_new	local_60	-96	8
HeaderOptionsPanel_new	local_58	-88	8
HeaderOptionsPanel_new	local_4c	-76	4
HeaderOptionsPanel_new	local_40	-64	8
InfoScreen_init	local_60	-96	8
InfoScreen_init	local_58	-88	8
InfoScreen_init	local_40	-64	8
InfoScreen_init	pFStack_50	-80	8
InfoScreen_init	auStack_68	-104	8
Panel_draw	local_4d4c	-19788	4
Panel_draw	local_4d48	-19784	8
Panel_draw	local_4d3c	-19772	4
Panel_draw	item	-9912	9848
Panel_draw	new	-19768	9848
InfoScreen_drawTitled	local_e8	-232	16
InfoScreen_drawTitled	local_d8	-216	8
InfoScreen_drawTitled	local_d0	-208	8
InfoScreen_drawTitled	local_c8	-200	8
InfoScreen_drawTitled	local_c0	-192	8
InfoScreen_drawTitled	local_b8	-184	8
InfoScreen_drawTitled	local_a8	-168	8
InfoScreen_drawTitled	local_98	-152	8
InfoScreen_drawTitled	local_88	-136	8
InfoScreen_drawTitled	local_78	-120	8
InfoScreen_drawTitled	local_68	-104	8
InfoScreen_drawTitled	local_58	-88	8
InfoScreen_drawTitled	local_48	-72	8
InfoScreen_drawTitled	ap	-264	24
Process_rowMatchesFilter	local_40	-64	8
Process_rowMatchesFilter	nNeedles	-72	8
Meter_toListItem	mode	-184	20
Meter_toListItem	name	-152	32
Meter_toListItem	buffer	-120	50
MetersPanel_new	local_60	-96	8
MetersPanel_new	local_58	-88	8
MetersPanel_new	local_50	-80	8
MetersPanel_new	local_40	-64	8
MetersPanel_new	auStack_68	-104	8
LoadMeter_updateValues	five	-40	8
LoadMeter_updateValues	fifteen	-48	8
LoadMeter_updateValues	local_20	-32	8
LoadAverageMeter_display	buffer	-88	20
LoadMeter_display	buffer	-56	20
Machine_init	local_20	-32	8
Machine_init	maxPid	-36	4
MemoryMeter_display	buffer	-104	50
NetworkIOMeter_display	buffer	-120	64
NumberItem_display	buffer	-76	12
NetworkIOMeter_updateValues	data	-88	32
IncSet_handleKey	nNeedles	-72	8
IncSet_handleKey	local_7c	-124	4
IncSet_handleKey	local_70	-112	8
IncSet_handleKey	local_40	-64	8
InfoScreen_run	mevent	-88	20
InfoScreen_addLine	local_40	-64	8
InfoScreen_addLine	nNeedles	-72	8
OpenFilesScreen_scan	local_148	-328	4
OpenFilesScreen_scan	local_144	-324	4
OpenFilesScreen_scan	local_140	-320	8
OpenFilesScreen_scan	local_138	-312	8
OpenFilesScreen_scan	local_130	-304	8
OpenFilesScreen_scan	fdpair	-256	8
OpenFilesScreen_scan	local_128	-296	8
OpenFilesScreen_scan	local_120	-288	8
OpenFilesScreen_scan	wstatus	-264	4
OpenFilesScreen_scan	buffer	-216	32
OpenFilesScreen_scan	local_118	-280	8
OpenFilesScreen_scan	fileSizeBuf	-248	21
OpenFilesScreen_scan	local_110	-272	8
OpenFilesScreen_scan	local_a8	-168	8
InfoScreen_appendLine	nNeedles	-72	8
InfoScreen_appendLine	local_40	-64	8
Process_writeField	buffer	-328	256
Process_writeField	attr	-332	4
ProcessLocksScreen_scan	va7	-616	8
ProcessLocksScreen_scan	va5	-632	8
ProcessLocksScreen_scan	va6	-624	8
ProcessLocksScreen_scan	entry	-584	512
ProcessLocksScreen_scan	va3	-648	8
ProcessLocksScreen_scan	va4	-640	8
quickSort	local_44	-68	4
toFieldIndex	local_80	-128	8
toFieldIndex	local_74	-116	4
toFieldIndex	dynamic	-104	32
Scheduling_rowSetPolicy	param	-20	4
TraceScreen_forkTracer	fdpair	-96	8
TraceScreen_forkTracer	buffer	-88	32
Settings_write	tmpFilename	-72	8
Settings_write	local_50	-80	8
Settings_write	local_40	-64	8
TraceScreen_updateTrace	buffer	-1096	1025
TraceScreen_updateTrace	fds	-1224	128
TraceScreen_updateTrace	tv	-1240	16
UptimeMeter_updateValues	daysbuf	-104	32
RichString_appendnWideColumns	local_60	-96	4
RichString_appendnWideColumns	local_5c	-92	4
RichString_appendnWideColumns	local_58	-88	4
RichString_appendnWideColumns	local_54	-84	4
RichString_appendnWideColumns	local_50	-80	8
RichString_appendnWideColumns	local_40	-64	8
RichString_appendnWideColumns	auStack_68	-104	8
Row_printLeftAlignedField	local_40	-64	8
Row_printLeftAlignedField	columns	-68	4
RichString_appendWide	local_50	-80	4
RichString_appendWide	local_4c	-76	4
RichString_appendWide	local_40	-64	8
RichString_appendWide	auStack_58	-88	8
RichString_appendnWide	auStack_58	-88	8
RichString_appendnWide	local_50	-80	4
RichString_appendnWide	local_4c	-76	4
RichString_appendnWide	local_40	-64	8
RichString_writeWide	auStack_58	-88	12
RichString_writeWide	local_4c	-76	4
RichString_writeWide	local_40	-64	8
Row_printKBytes	buffer	-88	16
Row_printKBytes	colors	-104	16
Row_printCount	buffer	-77	13
Row_printTime	buffer	-74	10
Row_printRate	buffer	-88	16
TasksMeter_display	buffer	-88	20
SwapMeter_display	buffer	-104	50
Table_printHeader	local_88	-136	8
Table_printHeader	local_80	-128	8
Table_printHeader	local_78	-120	8
Table_printHeader	local_6c	-108	4
Table_printHeader	local_68	-104	8
Table_printHeader	local_60	-96	8
Table_printHeader	local_58	-88	8
Table_printHeader	local_50	-80	4
Table_printHeader	local_4c	-76	4
Table_printHeader	local_48	-72	8
Table_printHeader	local_40	-64	8
Settings_defaultMeters	local_40	-64	16
Settings_defaultMeters	sizes	-72	8
Scheduling_newPolicyPanel	functions	-88	24
Scheduling_newPolicyPanel	auStack_78	-120	8
Scheduling_newPolicyPanel	local_a8	-168	32
Scheduling_newPolicyPanel	local_70	-112	8
Scheduling_newPolicyPanel	local_64	-100	4
Scheduling_newPolicyPanel	local_60	-96	8
Scheduling_newPriorityPanel	local_68	-104	8
Scheduling_newPriorityPanel	local_60	-96	4
Scheduling_newPriorityPanel	local_5c	-92	4
Scheduling_newPriorityPanel	functions	-88	24
Scheduling_newPriorityPanel	auStack_88	-136	8
Scheduling_newPriorityPanel	local_b8	-184	32
Scheduling_newPriorityPanel	local_80	-128	8
Scheduling_newPriorityPanel	local_78	-120	8
Scheduling_newPriorityPanel	local_70	-112	8
ScreensPanel_new	local_88	-136	16
ScreensPanel_new	local_60	-96	8
ScreensPanel_new	local_54	-84	4
ScreensPanel_new	local_50	-80	8
ScreensPanel_new	local_40	-64	8
ScreensPanel_new	auStack_68	-104	8
ScreenNamesPanel_new	auStack_68	-104	8
ScreenNamesPanel_new	local_88	-136	16
ScreenNamesPanel_new	local_60	-96	8
ScreenNamesPanel_new	local_54	-84	4
ScreenNamesPanel_new	local_50	-80	8
ScreenNamesPanel_new	local_40	-64	8
ScreenTabsPanel_new	auStack_68	-104	8
ScreenTabsPanel_new	local_98	-152	32
ScreenTabsPanel_new	local_60	-96	8
ScreenTabsPanel_new	local_58	-88	8
ScreenTabsPanel_new	local_50	-80	8
ScreenTabsPanel_new	local_40	-64	8
SignalsPanel_new	functions	-88	24
SignalsPanel_new	auStack_78	-120	8
SignalsPanel_new	local_b8	-184	48
SignalsPanel_new	local_70	-112	8
SignalsPanel_new	local_68	-104	8
SignalsPanel_new	local_60	-96	8
Table_rebuildPanel	local_41	-65	1
Table_rebuildPanel	local_3c	-60	4
ScreenManager_run	local_40	-64	8
ScreenManager_run	y	-92	4
ScreenManager_run	x	-88	4
ScreenManager_run	local_94	-148	4
ScreenManager_run	local_90	-144	8
ScreenManager_run	local_88	-136	8
ScreenManager_run	local_80	-128	4
ScreenManager_run	local_78	-120	4
ScreenManager_run	local_74	-116	4
ScreenManager_run	local_70	-112	8
ScreenManager_run	local_54	-84	4
ScreenManager_run	local_50	-80	4
ScreenManager_run	local_48	-72	4
String_split	local_40	-64	8
Settings_readMeterModes	local_48	-72	8
Settings_newScreen	local_3c	-60	4
ScreensPanel_eventHandler	local_68	-104	32
ScreensPanel_eventHandler	local_40	-64	8
ScreenNamesPanel_eventHandlerNormal	local_40	-64	8
ScreenNamesPanel_eventHandlerNormal	local_68	-104	32
String_contains_i	nNeedles	-72	8
String_contains_i	local_40	-64	8
Settings_read	nOptions	-112	8
Settings_read	local_80	-128	4
Settings_read	local_68	-104	16
Settings_read	local_58	-88	16
Settings_read	local_40	-64	8
Settings_new	st	-216	144
scanCPUFrequencyFromCPUinfo	local_1064	-4196	4
scanCPUFrequencyFromCPUinfo	local_1060	-4192	8
scanCPUFrequencyFromCPUinfo	cpuid	-4180	4
scanCPUFrequencyFromCPUinfo	frequency	-4176	8
scanCPUFrequencyFromCPUinfo	buffer	-4168	4096
LinuxProcessTable_readStatusFile	buffer	-4168	4097
LinuxProcessTable_readStatusFile	vxid	-4176	4
LinuxProcessTable_readStatusFile	local_1068	-4200	8
LinuxProcessTable_readStatusFile	uStack_104c	-4172	4
LinuxProcessTable_readOomData	oom	-4156	4
LinuxProcessTable_readOomData	buffer	-4152	4097
CGroup_filterName_internal	local_40	-64	8
handleNetlinkMsg	nlattrs	-536	56
handleNetlinkMsg	stats	-472	432
handleNetlinkMsg	rem	-540	4
readfd_internal	local_40	-64	8
procAcpiCheck	buffer	-1064	1024
Platform_Battery_getSysData	buffer	-1096	1024
Platform_Battery_getSysData	buf	-1216	8
Platform_Battery_getSysData	field	-1208	100
Platform_Battery_getSysData	val	-1220	4
Platform_Battery_getSysData	local_4e8	-1256	8
Platform_Battery_getSysData	local_4e0	-1248	8
Platform_Battery_getSysData	local_4d8	-1240	8
Platform_Battery_getSysData	cStack_449	-1097	1
Generic_gettime_realtime	ts	-56	16
Generic_gettime_monotonic	ts	-56	16
LinuxProcess_isAutogroupEnabled	buf	-40	16
Platform_getUptime	local_20	-32	8
Platform_getUptime	uptime	-40	8
Platform_getLoadAverage	scanOne	-72	8
Platform_getLoadAverage	scanFive	-80	8
Platform_getLoadAverage	scanFifteen	-88	8
Platform_getLoadAverage	local_40	-64	8
Platform_getMaxPid	maxPid	-36	4
Platform_getMaxPid	local_20	-32	8
Platform_getFileDescriptors	v1	-56	8
Platform_getFileDescriptors	v2	-64	8
Platform_getFileDescriptors	v3	-72	8
Platform_getFileDescriptors	local_30	-48	8
Platform_getDiskIO	read_tmp	-400	8
Platform_getDiskIO	write_tmp	-408	8
Platform_getDiskIO	timeSpend_tmp	-416	8
Platform_getDiskIO	local_1b8	-440	8
Platform_getDiskIO	local_1b0	-432	8
Platform_getDiskIO	lastTopDisk	-392	32
Platform_getDiskIO	lineBuffer	-328	256
Platform_getDiskIO	diskname	-360	32
Platform_getNetworkIO	lineBuffer	-568	512
Platform_getNetworkIO	interfaceName	-600	32
Platform_getNetworkIO	bytesReceived	-608	8
Platform_getNetworkIO	packetsReceived	-616	8
Platform_getNetworkIO	bytesTransmitted	-624	8
Platform_getNetworkIO	packetsTransmitted	-632	8
Platform_init	lineBuffer	-4424	256
Platform_init	target	-4168	4096
xAsprintf	vl	-232	24
xAsprintf	local_c8	-200	16
xAsprintf	local_b8	-184	8
xAsprintf	local_b0	-176	8
xAsprintf	local_a8	-168	8
xAsprintf	local_a0	-160	8
xAsprintf	local_98	-152	8
xAsprintf	local_88	-136	8
xAsprintf	local_78	-120	8
xAsprintf	local_68	-104	8
xAsprintf	local_58	-88	8
xAsprintf	local_48	-72	8
xAsprintf	local_38	-56	8
xAsprintf	local_28	-40	8
xSnprintf	vl	-232	24
xSnprintf	local_c8	-200	24
xSnprintf	local_b0	-176	8
xSnprintf	local_a8	-168	8
xSnprintf	local_a0	-160	8
xSnprintf	local_98	-152	8
xSnprintf	local_88	-136	8
xSnprintf	local_78	-120	8
xSnprintf	local_68	-104	8
xSnprintf	local_58	-88	8
xSnprintf	local_48	-72	8
xSnprintf	local_38	-56	8
xSnprintf	local_28	-40	8
Platform_getPressureStall	procname	-200	128
Platform_Battery_getProcBatInfo	bufState	-2120	1024
Platform_Battery_getProcBatInfo	buf	-2496	8
Platform_Battery_getProcBatInfo	field	-2488	100
Platform_Battery_getProcBatInfo	val	-2500	4
Platform_Battery_getProcBatInfo	local_9e8	-2536	8
Platform_Battery_getProcBatInfo	local_9e0	-2528	8
Platform_Battery_getProcBatInfo	filePath	-2376	256
Platform_Battery_getProcBatInfo	bufInfo	-1096	1024
SELinuxMeter_updateValues	sfbuf	-168	120
SELinuxMeter_updateValues	vfsbuf	-280	112
SELinuxMeter_updateValues	enforce	-284	4
LinuxProcessTable_readStatFile	buf	-2120	2049
LinuxProcessTable_readStatFile	path	-2152	22
LinuxProcessTable_readStatFile	location	-2160	8
LinuxProcess_changeAutogroupPriorityBy	nice	-324	4
LinuxProcess_changeAutogroupPriorityBy	buffer	-312	256
LinuxProcess_changeAutogroupPriorityBy	identity	-320	8
Platform_actionHigherAutogroupPriority	buf	-88	16
Platform_actionLowerAutogroupPriority	buf	-88	16
CGroup_filterName	s	-72	24
CGroup_filterContainer	s	-72	24
LibSensors_getCPUTemperatures	n	-80	4
LibSensors_getCPUTemperatures	m	-76	4
LibSensors_getCPUTemperatures	temp	-72	8
LibSensors_getCPUTemperatures	local_68	-104	4
LibSensors_getCPUTemperatures	local_40	-64	8
LinuxProcessTable_initTtyDrivers	local_4058	-16472	8
LinuxProcessTable_initTtyDrivers	local_4050	-16464	4
LinuxProcessTable_initTtyDrivers	local_404c	-16460	4
LinuxProcessTable_initTtyDrivers	buf	-16456	16384
LinuxProcessTable_readCGroupFile	output	-8280	4097
LinuxProcessTable_readCGroupFile	buffer	-4168	4097
LinuxProcessTable_readSecattrData	buffer	-4152	4097
LinuxProcessTable_readCwd	pathBuffer	-4152	4097
Platform_getProcessEnv	procname	-200	128
Platform_getProcessLocks	local_2550	-9552	8
Platform_getProcessLocks	path	-8264	4096
Platform_getProcessLocks	end	-9504	8
Platform_getProcessLocks	buffer	-9288	1024
Platform_getProcessLocks	data	-9496	72
Platform_getProcessLocks	_	-9508	4
Platform_getProcessLocks	maj	-9512	4
Platform_getProcessLocks	min	-9516	4
Platform_getProcessLocks	lock_end	-9416	25
Platform_getProcessLocks	locktype	-9320	32
Platform_getProcessLocks	exclusive	-9352	32
Platform_getProcessLocks	readwrite	-9384	32
Platform_getProcessLocks	link	-4168	4096
SystemdMeter_updateValues	puVar11	-240	8
SystemdMeter_updateValues	fdpair	-208	8
SystemdMeter_updateValues	wstatus	-212	4
SystemdMeter_updateValues	lineBuffer	-200	128
Affinity_get	cpuset	-200	128
Generic_uname	uname_info	-456	390
Generic_uname	distro	-840	128
Generic_uname	name	-968	64
Generic_uname	version	-904	64
Generic_uname	lineBuffer	-712	256
HugePageMeter_display	buffer	-120	50
ZramMeter_display	buffer	-104	50
ZfsArcMeter_display	buffer	-104	50
IOPriorityPanel_new	functions	-120	24
IOPriorityPanel_new	local_d8	-216	48
IOPriorityPanel_new	local_98	-152	8
IOPriorityPanel_new	local_90	-144	8
IOPriorityPanel_new	local_84	-132	4
IOPriorityPanel_new	local_80	-128	8
LinuxMachine_updateCPUcount	buffer	-72	8
LinuxMachine_updateCPUcount	local_70	-112	4
LinuxMachine_updateCPUcount	local_6c	-108	4
LinuxMachine_updateCPUcount	endp	-80	8
LinuxMachine_scanCPUTime	buffer	-4168	4097
LinuxMachine_scanCPUTime	local_10b4	-4276	4
LinuxMachine_scanCPUTime	usertime	-4176	8
LinuxMachine_scanCPUTime	nicetime	-4184	8
LinuxMachine_scanCPUTime	systemtime	-4192	8
LinuxMachine_scanCPUTime	idletime	-4200	8
LinuxMachine_scanCPUTime	ioWait	-4208	8
LinuxMachine_scanCPUTime	irq	-4216	8
LinuxMachine_scanCPUTime	softIrq	-4224	8
LinuxMachine_scanCPUTime	steal	-4232	8
LinuxMachine_scanCPUTime	guest	-4240	8
LinuxMachine_scanCPUTime	guestnice	-4248	8
LinuxMachine_scanCPUTime	cpuid	-4252	4
Machine_scan	local_190	-400	8
Machine_scan	local_188	-392	8
Machine_scan	local_180	-384	8
Machine_scan	local_178	-376	8
Machine_scan	local_170	-368	8
Machine_scan	local_168	-360	8
Machine_scan	local_160	-352	8
Machine_scan	local_158	-344	8
Machine_scan	local_150	-336	8
Machine_scan	local_148	-328	8
Machine_scan	local_140	-320	8
Machine_scan	local_120	-288	8
Machine_scan	local_110	-272	8
Machine_scan	buffer	-200	128
Machine_scan	parsed_	-280	8
Machine_scan	content	-264	64
Machine_scan	dbufSize	-304	8
Machine_scan	dnodeSize	-296	8
Machine_new	buffer	-4152	4097
LinuxProcess_rowWriteField	buffer	-312	256
LinuxProcess_rowWriteField	attr	-316	4
LinuxProcessTable_readCmdlineFile	command	-4168	4097
LinuxProcessTable_readCmdlineFile	filename	-4312	129
LinuxProcessTable_readCmdlineFile	local_10e8	-4328	8
LinuxProcessTable_readCmdlineFile	local_10e0	-4320	8
LinuxProcessTable_readCmdlineFile	local_1049	-4169	1
PressureStallMeter_display	buffer	-88	20
ZfsCompressedArcMeter_display	buffer	-104	50
_SystemdMeter_display	buffer	-88	16
LinuxProcessTable_recurseProcTree	local_620	-1568	4
LinuxProcessTable_recurseProcTree	local_618	-1560	8
LinuxProcessTable_recurseProcTree	local_608	-1544	8
LinuxProcessTable_recurseProcTree	statCommand	-1384	129
LinuxProcessTable_recurseProcTree	endptr	-1448	8
LinuxProcessTable_recurseProcTree	local_5f8	-1528	8
LinuxProcessTable_recurseProcTree	path	-1240	20
LinuxProcessTable_recurseProcTree	buffer	-1096	1024
LinuxProcessTable_recurseProcTree	dummy	-1456	8
LinuxProcessTable_recurseProcTree	local_4b0	-1200	8
ProcessTable_goThroughEntries	buf	-56	16
