001138b0	main	9	named	/usr/src/htop-3.3.0-4build1/htop.c
001139b0	tagAllChildren	95	named	/usr/src/htop-3.3.0-4build1/Action.c
00113a20	actionSortByPID	70	named	/usr/src/htop-3.3.0-4build1/Action.c
00113a70	actionSortByMemory	70	named	/usr/src/htop-3.3.0-4build1/Action.c
00113ac0	actionSortByCPU	70	named	/usr/src/htop-3.3.0-4build1/Action.c
00113b10	actionSortByTime	70	named	/usr/src/htop-3.3.0-4build1/Action.c
00113b60	actionToggleRunningInContainer	25	named	/usr/src/htop-3.3.0-4build1/Action.c
00113b80	actionToggleProgramPath	25	named	/usr/src/htop-3.3.0-4build1/Action.c
00113ba0	actionToggleMergedCommand	25	named	/usr/src/htop-3.3.0-4build1/Action.c
00113bc0	actionToggleTreeView	91	named	/usr/src/htop-3.3.0-4build1/Action.c
00113c30	actionToggleHideMeters	14	named	/usr/src/htop-3.3.0-4build1/Action.c
00113c40	actionInvertSortOrder	68	named	/usr/src/htop-3.3.0-4build1/Action.c
00113c90	actionExpandOrCollapse	64	named	/usr/src/htop-3.3.0-4build1/Action.c
00113ce0	actionCollapseIntoParent	140	named	/usr/src/htop-3.3.0-4build1/Action.c
00113d90	actionNextScreen	167	named	/usr/src/htop-3.3.0-4build1/Action.c
00113e50	actionPrevScreen	162	named	/usr/src/htop-3.3.0-4build1/Action.c
00113f10	actionQuit	10	named	/usr/src/htop-3.3.0-4build1/Action.c
00113f20	Action_follow	72	named	/usr/src/htop-3.3.0-4build1/Action.c
00113f70	actionTag	84	named	/usr/src/htop-3.3.0-4build1/Action.c
00113fd0	actionTogglePauseUpdate	14	named	/usr/src/htop-3.3.0-4build1/Action.c
00113fe0	actionUntagAll	54	named	/usr/src/htop-3.3.0-4build1/Action.c
00114020	actionTagAllChildren	51	named	/usr/src/htop-3.3.0-4build1/Action.c
00114060	DynamicMeter_init	5	named	/usr/src/htop-3.3.0-4build1/DynamicMeter.c
00114070	AllCPUsMeter_updateValues	94	named	/usr/src/htop-3.3.0-4build1/CPUMeter.c
001140e0	CPUMeterCommonDraw	202	named	/usr/src/htop-3.3.0-4build1/CPUMeter.c
001141b0	DualColCPUsMeter_draw	15	named	/usr/src/htop-3.3.0-4build1/CPUMeter.c
001141c0	QuadColCPUsMeter_draw	15	named	/usr/src/htop-3.3.0-4build1/CPUMeter.c
001141d0	OctoColCPUsMeter_draw	15	named	/usr/src/htop-3.3.0-4build1/CPUMeter.c
001141e0	SingleColCPUsMeter_draw	137	named	/usr/src/htop-3.3.0-4build1/CPUMeter.c
00114270	DynamicMeter_updateValues_lto_priv_0	5	named	/usr/src/htop-3.3.0-4build1/DynamicMeter.c
00114280	DynamicMeter_display	5	named	/usr/src/htop-3.3.0-4build1/DynamicMeter.c
00114290	DynamicMeter_getCaption	134	named	/usr/src/htop-3.3.0-4build1/DynamicMeter.c
00114320	CPUMeterCommonUpdateMode	366	named	/usr/src/htop-3.3.0-4build1/CPUMeter.c
001144a0	SingleColCPUsMeter_updateMode	14	named	/usr/src/htop-3.3.0-4build1/CPUMeter.c
001144b0	DualColCPUsMeter_updateMode	14	named	/usr/src/htop-3.3.0-4build1/CPUMeter.c
001144c0	QuadColCPUsMeter_updateMode	14	named	/usr/src/htop-3.3.0-4build1/CPUMeter.c
001144d0	OctoColCPUsMeter_updateMode	14	named	/usr/src/htop-3.3.0-4build1/CPUMeter.c
001144e0	AllCPUsMeter_done	131	named	/usr/src/htop-3.3.0-4build1/CPUMeter.c
00114570	insert	209	named	/usr/src/htop-3.3.0-4build1/Hashtable.c
00114650	actionHigherPriority	218	named	/usr/src/htop-3.3.0-4build1/Action.c
00114740	actionLowerPriority	218	named	/usr/src/htop-3.3.0-4build1/Action.c
00114830	actionRedraw	30	named	/usr/src/htop-3.3.0-4build1/Action.c
00114850	actionHelp	3561	named	/usr/src/htop-3.3.0-4build1/Action.c
00115660	ClockMeter_updateValues	124	named	/usr/src/htop-3.3.0-4build1/ClockMeter.c
001156e0	DateMeter_updateValues	209	named	/usr/src/htop-3.3.0-4build1/DateMeter.c
001157c0	DateTimeMeter_updateValues	209	named	/usr/src/htop-3.3.0-4build1/DateTimeMeter.c
001158a0	print_backtrace	92	named	/usr/src/htop-3.3.0-4build1/CRT.c
00115900	Action_setUserOnly	57	named	/usr/src/htop-3.3.0-4build1/Action.c
00115940	Action_setSortKey	86	named	/usr/src/htop-3.3.0-4build1/Action.c
001159a0	Hashtable_get	107	named	/usr/src/htop-3.3.0-4build1/Hashtable.c
00115a20	Action_setScreenTab	296	named	/usr/src/htop-3.3.0-4build1/Action.c
00115b60	Affinity_delete	38	named	/usr/src/htop-3.3.0-4build1/Affinity.c
00115b90	Affinity_rowGet	12	named	/usr/src/htop-3.3.0-4build1/Affinity.c
00115ba0	Hashtable_foreach	80	named	/usr/src/htop-3.3.0-4build1/Hashtable.c
00115c00	CRT_setMouse	28	named	/usr/src/htop-3.3.0-4build1/CRT.c
00115c20	CRT_enableDelay	18	named	/usr/src/htop-3.3.0-4build1/CRT.c
00115c40	CRT_readKey	72	named	/usr/src/htop-3.3.0-4build1/CRT.c
00115c90	Action_setBindings	813	named	/usr/src/htop-3.3.0-4build1/Action.c
00115fc0	Affinity_rowSet	157	named	/usr/src/htop-3.3.0-4build1/Affinity.c
00116060	DynamicColumn_name	7	named	/usr/src/htop-3.3.0-4build1/DynamicColumn.c
00116070	DynamicMeters_new	7	named	/usr/src/htop-3.3.0-4build1/DynamicMeter.c
00116080	Compat_faccessat	180	named	/usr/src/htop-3.3.0-4build1/Compat.c
00116140	Compat_fstatat	18	named	/usr/src/htop-3.3.0-4build1/Compat.c
00116160	Compat_readlinkat	18	named	/usr/src/htop-3.3.0-4build1/Compat.c
00116180	String_startsWith	49	named	/usr/src/htop-3.3.0-4build1/XUtils.h
001161c0	CRT_resetSignalHandlers	178	named	/usr/src/htop-3.3.0-4build1/CRT.c
00116280	CRT_done	203	named	/usr/src/htop-3.3.0-4build1/CRT.c
00116360	CRT_handleSIGTERM	20	named	/usr/src/htop-3.3.0-4build1/CRT.c
00116380	CRT_fatalError	79	named	/usr/src/htop-3.3.0-4build1/CRT.c
001163d0	CRT_disableDelay	39	named	/usr/src/htop-3.3.0-4build1/CRT.c
00116400	CRT_setColors	288	named	/usr/src/htop-3.3.0-4build1/CRT.c
00116530	ColorsPanel_eventHandler	232	named	/usr/src/htop-3.3.0-4build1/ColorsPanel.c
00116630	CRT_init	1445	named	/usr/src/htop-3.3.0-4build1/CRT.c
00116be0	DynamicColumn_done	48	named	/usr/src/htop-3.3.0-4build1/DynamicColumn.c
00116c10	DynamicColumn_search	151	named	/usr/src/htop-3.3.0-4build1/DynamicColumn.c
00116cc0	DynamicColumn_lookup	107	named	/usr/src/htop-3.3.0-4build1/DynamicColumn.c
00116d40	DynamicColumn_writeField	7	named	/usr/src/htop-3.3.0-4build1/DynamicColumn.c
00116d50	DynamicMeter_search	136	named	/usr/src/htop-3.3.0-4build1/DynamicMeter.c
00116de0	DynamicMeter_lookup	107	named	/usr/src/htop-3.3.0-4build1/DynamicMeter.c
00116e60	DynamicScreens_new	7	named	/usr/src/htop-3.3.0-4build1/DynamicScreen.c
00116e70	DynamicScreen_done	66	named	/usr/src/htop-3.3.0-4build1/DynamicScreen.c
00116ec0	DynamicScreen_search	136	named	/usr/src/htop-3.3.0-4build1/DynamicScreen.c
00116f50	DynamicScreen_lookup	107	named	/usr/src/htop-3.3.0-4build1/DynamicScreen.c
00116fd0	FunctionBar_delete	136	named	/usr/src/htop-3.3.0-4build1/FunctionBar.c
00117060	FunctionBar_drawExtra	517	named	/usr/src/htop-3.3.0-4build1/FunctionBar.c
00117270	FunctionBar_draw	18	named	/usr/src/htop-3.3.0-4build1/FunctionBar.c
00117290	FunctionBar_append	174	named	/usr/src/htop-3.3.0-4build1/FunctionBar.c
00117350	FunctionBar_synthesizeEvent	151	named	/usr/src/htop-3.3.0-4build1/FunctionBar.c
00117400	Hashtable_clear	101	named	/usr/src/htop-3.3.0-4build1/Hashtable.c
00117470	Hashtable_delete	43	named	/usr/src/htop-3.3.0-4build1/Hashtable.c
001174a0	DynamicColumns_delete	49	named	/usr/src/htop-3.3.0-4build1/DynamicColumn.c
001174e0	DynamicMeters_delete	49	named	/usr/src/htop-3.3.0-4build1/DynamicMeter.c
00117520	DynamicScreens_delete	49	named	/usr/src/htop-3.3.0-4build1/DynamicScreen.c
00117560	AvailableColumnsPanel_delete	87	named	/usr/src/htop-3.3.0-4build1/AvailableColumnsPanel.c
001175c0	MaskItem_delete	56	named	/usr/src/htop-3.3.0-4build1/AffinityPanel.c
00117600	AffinityPanel_delete	96	named	/usr/src/htop-3.3.0-4build1/AffinityPanel.c
00117670	AvailableMetersPanel_delete	88	named	/usr/src/htop-3.3.0-4build1/AvailableMetersPanel.c
001176d0	CategoriesPanel_delete	87	named	/usr/src/htop-3.3.0-4build1/CategoriesPanel.c
00117730	ColorsPanel_delete	87	named	/usr/src/htop-3.3.0-4build1/ColorsPanel.c
00117790	ColumnsPanel_delete	87	named	/usr/src/htop-3.3.0-4build1/ColumnsPanel.c
001177f0	CommandScreen_delete	138	named	/usr/src/htop-3.3.0-4build1/CommandScreen.c
00117890	DisplayOptionsPanel_delete	87	named	/usr/src/htop-3.3.0-4build1/DisplayOptionsPanel.c
001178f0	Action_pickFromVector	487	named	/usr/src/htop-3.3.0-4build1/Action.c
00117af0	Affinity_new	84	named	/usr/src/htop-3.3.0-4build1/Affinity.c
00117b50	Affinity_add	106	named	/usr/src/htop-3.3.0-4build1/Affinity.c
00117bd0	AffinityPanel_getAffinity	264	named	/usr/src/htop-3.3.0-4build1/AffinityPanel.c
00117cf0	ColumnsPanel_update	207	named	/usr/src/htop-3.3.0-4build1/ColumnsPanel.c
00117dd0	DynamicColumns_new	88	named	/usr/src/htop-3.3.0-4build1/DynamicColumn.c
00117e30	FunctionBar_new	386	named	/usr/src/htop-3.3.0-4build1/FunctionBar.c
00117fc0	FunctionBar_newEnterEsc	88	named	/usr/src/htop-3.3.0-4build1/FunctionBar.c
00118020	FunctionBar_setLabel	111	named	/usr/src/htop-3.3.0-4build1/FunctionBar.c
001180a0	Hashtable_new	183	named	/usr/src/htop-3.3.0-4build1/Hashtable.c
00118160	Hashtable_setSize	237	named	/usr/src/htop-3.3.0-4build1/Hashtable.c
00118260	Hashtable_setSize_118260	16	named	/usr/src/htop-3.3.0-4build1/Hashtable.c
00118280	Hashtable_put	113	named	/usr/src/htop-3.3.0-4build1/Hashtable.c
00118300	Hashtable_remove	367	named	/usr/src/htop-3.3.0-4build1/Hashtable.c
001184a0	Header_new	249	named	/usr/src/htop-3.3.0-4build1/Header.c
001185a0	actionSetSortColumn	1040	named	/usr/src/htop-3.3.0-4build1/Action.c
001189d0	actionExpandCollapseOrSortColumn	69	named	/usr/src/htop-3.3.0-4build1/Action.c
00118a20	CategoriesPanel_new	545	named	/usr/src/htop-3.3.0-4build1/CategoriesPanel.c
00118c50	ColorsPanel_new	539	named	/usr/src/htop-3.3.0-4build1/ColorsPanel.c
00118e70	CategoriesPanel_makeColorsPage	63	named	/usr/src/htop-3.3.0-4build1/CategoriesPanel.c
00118eb0	DisplayOptionsPanel_new	3049	named	/usr/src/htop-3.3.0-4build1/DisplayOptionsPanel.c
00119aa0	CategoriesPanel_makeDisplayOptionsPage	70	named	/usr/src/htop-3.3.0-4build1/CategoriesPanel.c
00119af0	actionToggleKernelThreads	35	named	/usr/src/htop-3.3.0-4build1/Action.c
00119b20	actionToggleUserlandThreads	35	named	/usr/src/htop-3.3.0-4build1/Action.c
00119b50	actionExpandOrCollapseAllBranches	109	named	/usr/src/htop-3.3.0-4build1/Action.c
00119bd0	actionIncFilter	128	named	/usr/src/htop-3.3.0-4build1/Action.c
00119c50	actionIncSearch	86	named	/usr/src/htop-3.3.0-4build1/Action.c
00119cb0	actionSetSchedPolicy	795	named	/usr/src/htop-3.3.0-4build1/Action.c
0011a000	actionKill	733	named	/usr/src/htop-3.3.0-4build1/Action.c
0011a2f0	AvailableColumnsPanel_eventHandler	396	named	/usr/src/htop-3.3.0-4build1/AvailableColumnsPanel.c
0011a490	actionFilterByUser	961	named	/usr/src/htop-3.3.0-4build1/Action.c
0011a860	actionSetup	340	named	/usr/src/htop-3.3.0-4build1/Action.c
0011a9d0	actionLsof	137	named	/usr/src/htop-3.3.0-4build1/Action.c
0011aa60	actionShowLocks	128	named	/usr/src/htop-3.3.0-4build1/Action.c
0011aaf0	actionStrace	151	named	/usr/src/htop-3.3.0-4build1/Action.c
0011ab90	EnvScreen_new	83	named	/usr/src/htop-3.3.0-4build1/EnvScreen.c
0011abf0	actionShowEnvScreen	185	named	/usr/src/htop-3.3.0-4build1/Action.c
0011acc0	CommandScreen_new	83	named	/usr/src/htop-3.3.0-4build1/CommandScreen.c
0011ad20	actionShowCommandScreen	185	named	/usr/src/htop-3.3.0-4build1/Action.c
0011adf0	MaskItem_display	343	named	/usr/src/htop-3.3.0-4build1/AffinityPanel.c
0011af60	AffinityPanel_update	197	named	/usr/src/htop-3.3.0-4build1/AffinityPanel.c
0011b030	AffinityPanel_eventHandler	126	named	/usr/src/htop-3.3.0-4build1/AffinityPanel.c
0011b0c0	ColumnsPanel_fill	409	named	/usr/src/htop-3.3.0-4build1/ColumnsPanel.c
0011b270	ColumnsPanel_new	413	named	/usr/src/htop-3.3.0-4build1/ColumnsPanel.c
0011b410	AffinityPanel_new	896	named	/usr/src/htop-3.3.0-4build1/AffinityPanel.c
0011b7a0	actionSetAffinity	425	named	/usr/src/htop-3.3.0-4build1/Action.c
0011b960	AvailableColumnsPanel_addDynamicColumn	246	named	/usr/src/htop-3.3.0-4build1/AvailableColumnsPanel.c
0011ba60	AvailableColumnsPanel_addPlatformColumns	265	named	/usr/src/htop-3.3.0-4build1/AvailableColumnsPanel.c
0011bb80	AvailableColumnsPanel_fill	138	named	/usr/src/htop-3.3.0-4build1/AvailableColumnsPanel.c
0011bc20	AvailableColumnsPanel_new	486	named	/usr/src/htop-3.3.0-4build1/AvailableColumnsPanel.c
0011be10	AvailableMetersPanel_new	1235	named	/usr/src/htop-3.3.0-4build1/AvailableMetersPanel.c
0011c300	Compat_readlink	221	named	/usr/src/htop-3.3.0-4build1/Compat.c
0011c3e0	CPUMeter_init	225	named	/usr/src/htop-3.3.0-4build1/CPUMeter.c
0011c4d0	CPUMeter_getUiName	57	named	/usr/src/htop-3.3.0-4build1/CPUMeter.c
0011c510	DynamicMeter_getUiName	250	named	/usr/src/htop-3.3.0-4build1/DynamicMeter.c
0011c630	AvailableMetersPanel_eventHandler	658	named	/usr/src/htop-3.3.0-4build1/AvailableMetersPanel.c
0011c8e0	CPUMeterCommonInit	321	named	/usr/src/htop-3.3.0-4build1/CPUMeter.c
0011ca40	SingleColCPUsMeter_init	14	named	/usr/src/htop-3.3.0-4build1/CPUMeter.c
0011ca50	DualColCPUsMeter_init	14	named	/usr/src/htop-3.3.0-4build1/CPUMeter.c
0011ca60	QuadColCPUsMeter_init	14	named	/usr/src/htop-3.3.0-4build1/CPUMeter.c
0011ca70	OctoColCPUsMeter_init	14	named	/usr/src/htop-3.3.0-4build1/CPUMeter.c
0011ca80	BatteryMeter_updateValues	228	named	/usr/src/htop-3.3.0-4build1/BatteryMeter.c
0011cb80	CategoriesPanel_makeMetersPage	372	named	/usr/src/htop-3.3.0-4build1/CategoriesPanel.c
0011cd00	CategoriesPanel_makeScreensPage	140	named	/usr/src/htop-3.3.0-4build1/CategoriesPanel.c
0011cd90	CategoriesPanel_makeHeaderOptionsPage	70	named	/usr/src/htop-3.3.0-4build1/CategoriesPanel.c
0011cde0	CategoriesPanel_eventHandler	324	named	/usr/src/htop-3.3.0-4build1/CategoriesPanel.c
0011cf50	ColumnsPanel_eventHandler	479	named	/usr/src/htop-3.3.0-4build1/ColumnsPanel.c
0011d160	CRT_handleSIGSEGV	430	named	/usr/src/htop-3.3.0-4build1/CRT.c
0011d310	CommandLine_run	3401	named	/usr/src/htop-3.3.0-4build1/CommandLine.c
0011e100	CommandScreen_scan	534	named	/usr/src/htop-3.3.0-4build1/CommandScreen.c
0011e330	CommandScreen_draw	65	named	/usr/src/htop-3.3.0-4build1/CommandScreen.c
0011e380	EnvScreen_draw	65	named	/usr/src/htop-3.3.0-4build1/EnvScreen.c
0011e3d0	CPUMeter_updateValues	729	named	/usr/src/htop-3.3.0-4build1/CPUMeter.c
0011e6d0	CPUMeter_display	2136	named	/usr/src/htop-3.3.0-4build1/CPUMeter.c
0011ef70	FileDescriptorMeter_display	362	named	/usr/src/htop-3.3.0-4build1/FileDescriptorMeter.c
0011f0f0	DiskIOMeter_updateValues	748	named	/usr/src/htop-3.3.0-4build1/DiskIOMeter.c
0011f410	DiskIOMeter_display	453	named	/usr/src/htop-3.3.0-4build1/DiskIOMeter.c
0011f5f0	DisplayOptionsPanel_eventHandler	433	named	/usr/src/htop-3.3.0-4build1/DisplayOptionsPanel.c
0011f7f0	EnvScreen_scan	269	named	/usr/src/htop-3.3.0-4build1/EnvScreen.c
0011f910	FileDescriptorMeter_updateValues	396	named	/usr/src/htop-3.3.0-4build1/FileDescriptorMeter.c
0011fab0	IncSet_getListItemValue	35	named	/usr/src/htop-3.3.0-4build1/IncSet.c
0011fae0	MainPanel_getValue	40	named	/usr/src/htop-3.3.0-4build1/MainPanel.c
0011fb10	MemorySwapMeter_updateValues	47	named	/usr/src/htop-3.3.0-4build1/MemorySwapMeter.c
0011fb40	MemorySwapMeter_draw	110	named	/usr/src/htop-3.3.0-4build1/MemorySwapMeter.c
0011fbb0	BlankMeter_updateValues	9	named	/usr/src/htop-3.3.0-4build1/Meter.c
0011fbc0	BlankMeter_display_lto_priv_0	5	named	/usr/src/htop-3.3.0-4build1/Meter.c
0011fbd0	Process_rowGetSortKey	44	named	/usr/src/htop-3.3.0-4build1/Process.c
0011fc00	Process_rowIsHighlighted	32	named	/usr/src/htop-3.3.0-4build1/Process.c
0011fc20	Process_rowIsVisible	39	named	/usr/src/htop-3.3.0-4build1/Process.c
0011fc50	ProcessTable_prepareEntries	60	named	/usr/src/htop-3.3.0-4build1/ProcessTable.c
0011fc90	Row_display	341	named	/usr/src/htop-3.3.0-4build1/Row.c
0011fe00	ListItem_delete	38	named	/usr/src/htop-3.3.0-4build1/ListItem.c
0011fe30	Meter_delete	79	named	/usr/src/htop-3.3.0-4build1/Meter.c
0011fe90	MemorySwapMeter_done	50	named	/usr/src/htop-3.3.0-4build1/MemorySwapMeter.c
0011fed0	OptionItem_delete	38	named	/usr/src/htop-3.3.0-4build1/OptionItem.c
0011ff00	ListItem_compare	17	named	/usr/src/htop-3.3.0-4build1/ListItem.c
0011ff20	TextItem_display	341	named	/usr/src/htop-3.3.0-4build1/OptionItem.c
00120080	HostnameMeter_updateValues	43	named	/usr/src/htop-3.3.0-4build1/HostnameMeter.c
001200d0	ProcessTable_iterateEntries	175	named	/usr/src/htop-3.3.0-4build1/ProcessTable.c
00120190	Header_reinit	150	named	/usr/src/htop-3.3.0-4build1/Header.c
00120230	Header_draw	844	named	/usr/src/htop-3.3.0-4build1/Header.c
00120590	Header_updateData	143	named	/usr/src/htop-3.3.0-4build1/Header.c
00120620	Header_calculateHeight	432	named	/usr/src/htop-3.3.0-4build1/Header.c
001207e0	Object_isA	47	named	/usr/src/htop-3.3.0-4build1/Object.c
00120830	Panel_getSelectedIndex	8	named	/usr/src/htop-3.3.0-4build1/Panel.c
00120840	Panel_get	19	named	/usr/src/htop-3.3.0-4build1/Panel.c
00120860	CheckItem_set	22	named	/usr/src/htop-3.3.0-4build1/OptionItem.c
00120880	Panel_setHeader	315	named	/usr/src/htop-3.3.0-4build1/Panel.c
001209c0	TextMeterMode_draw	464	named	/usr/src/htop-3.3.0-4build1/Meter.c
00120ba0	LEDMeterMode_draw	816	named	/usr/src/htop-3.3.0-4build1/Meter.c
00120ef0	IncSet_reset	32	named	/usr/src/htop-3.3.0-4build1/IncSet.c
00120f10	IncSet_setFilter	66	named	/usr/src/htop-3.3.0-4build1/IncSet.c
00120f60	Panel_setSelected	49	named	/usr/src/htop-3.3.0-4build1/Panel.c
00120fa0	Panel_getSelected	29	named	/usr/src/htop-3.3.0-4build1/Panel.c
00120fc0	Panel_size	12	named	/usr/src/htop-3.3.0-4build1/Panel.c
00120fd0	Panel_resize	15	named	/usr/src/htop-3.3.0-4build1/Panel.c
00120fe0	Row_setPidColumnWidth	62	named	/usr/src/htop-3.3.0-4build1/Row.c
00121030	Machine_done	46	named	/usr/src/htop-3.3.0-4build1/Machine.c
00121060	Machine_setTablesPanel	49	named	/usr/src/htop-3.3.0-4build1/Machine.c
001210a0	Machine_scanTables	429	named	/usr/src/htop-3.3.0-4build1/Machine.c
00121260	Row_setUidColumnWidth	65	named	/usr/src/htop-3.3.0-4build1/Row.c
001212b0	Row_resetFieldWidths	90	named	/usr/src/htop-3.3.0-4build1/Row.c
00121310	Panel_setSelectionColor	11	named	/usr/src/htop-3.3.0-4build1/Panel.c
00121320	MainPanel_selectedRow	40	named	/usr/src/htop-3.3.0-4build1/MainPanel.c
00121350	MainPanel_foreachRow	195	named	/usr/src/htop-3.3.0-4build1/MainPanel.c
00121420	MainPanel_setState	12	named	/usr/src/htop-3.3.0-4build1/MainPanel.c
00121430	MainPanel_setFunctionBar	41	named	/usr/src/htop-3.3.0-4build1/MainPanel.c
00121460	Meter_setMode	143	named	/usr/src/htop-3.3.0-4build1/Meter.c
00121500	MemorySwapMeter_updateMode	110	named	/usr/src/htop-3.3.0-4build1/MemorySwapMeter.c
00121570	MetersPanel_setMoving	90	named	/usr/src/htop-3.3.0-4build1/MetersPanel.c
001215d0	Panel_moveSelectedUp	52	named	/usr/src/htop-3.3.0-4build1/Panel.c
00121610	Process_getCommand	44	named	/usr/src/htop-3.3.0-4build1/Process.c
00121640	ListItem_display	412	named	/usr/src/htop-3.3.0-4build1/ListItem.c
001217e0	BarMeterMode_draw	1844	named	/usr/src/htop-3.3.0-4build1/Meter.c
00121f40	CheckItem_get	22	named	/usr/src/htop-3.3.0-4build1/OptionItem.c
00121f60	CheckItem_toggle	22	named	/usr/src/htop-3.3.0-4build1/OptionItem.c
00121f80	NumberItem_get	20	named	/usr/src/htop-3.3.0-4build1/OptionItem.c
00121fa0	NumberItem_decrease	65	named	/usr/src/htop-3.3.0-4build1/OptionItem.c
00121ff0	NumberItem_increase	65	named	/usr/src/htop-3.3.0-4build1/OptionItem.c
00122040	NumberItem_toggle	55	named	/usr/src/htop-3.3.0-4build1/OptionItem.c
00122090	Panel_setCursorToSelection	32	named	/usr/src/htop-3.3.0-4build1/Panel.c
001220b0	Panel_move	15	named	/usr/src/htop-3.3.0-4build1/Panel.c
001220c0	Panel_remove	163	named	/usr/src/htop-3.3.0-4build1/Panel.c
00122170	Panel_moveSelectedDown	54	named	/usr/src/htop-3.3.0-4build1/Panel.c
001221b0	Panel_onKey	583	named	/usr/src/htop-3.3.0-4build1/Panel.c
00122440	Panel_getCh	89	named	/usr/src/htop-3.3.0-4build1/Panel.c
001224a0	Process_fillStarttimeBuffer	169	named	/usr/src/htop-3.3.0-4build1/Process.c
00122550	Process_writeCommand	655	named	/usr/src/htop-3.3.0-4build1/Process.c
001227f0	Process_done	90	named	/usr/src/htop-3.3.0-4build1/Process.c
00122850	Process_init	37	named	/usr/src/htop-3.3.0-4build1/Process.c
00122880	Row_init	20	named	/usr/src/htop-3.3.0-4build1/Row.c
001228a0	Process_rowSendSignal	23	named	/usr/src/htop-3.3.0-4build1/Process.c
001228c0	Process_compareByKey_Base	879	named	/usr/src/htop-3.3.0-4build1/Process.c
00122c50	Process_compare	170	named	/usr/src/htop-3.3.0-4build1/Process.c
00122d10	Process_compareByParent	188	named	/usr/src/htop-3.3.0-4build1/Process.c
00122df0	Process_updateCPUFieldWidths	205	named	/usr/src/htop-3.3.0-4build1/Process.c
00122ed0	Row_updateFieldWidth	52	named	/usr/src/htop-3.3.0-4build1/Row.c
00122f10	Process_setPriority	106	named	/usr/src/htop-3.3.0-4build1/Process.c
00122f80	Process_rowChangePriorityBy	27	named	/usr/src/htop-3.3.0-4build1/Process.c
00122fa0	Process_rowSetPriority	21	named	/usr/src/htop-3.3.0-4build1/Process.c
00122fc0	ProcessTable_getProcess	152	named	/usr/src/htop-3.3.0-4build1/ProcessTable.c
00123060	Row_done	5	named	/usr/src/htop-3.3.0-4build1/Row.c
00123070	Header_delete	97	named	/usr/src/htop-3.3.0-4build1/Header.c
001230e0	Header_setLayout	435	named	/usr/src/htop-3.3.0-4build1/Header.c
001232b0	ListItem_new	95	named	/usr/src/htop-3.3.0-4build1/ListItem.c
00123310	ListItem_init	52	named	/usr/src/htop-3.3.0-4build1/ListItem.c
00123350	ListItem_append	154	named	/usr/src/htop-3.3.0-4build1/ListItem.c
001233f0	Machine_populateTablesFromSettings	285	named	/usr/src/htop-3.3.0-4build1/Machine.c
00123520	Meter_new	203	named	/usr/src/htop-3.3.0-4build1/Meter.c
00123600	Header_addMeterByClass	64	named	/usr/src/htop-3.3.0-4build1/Header.c
00123640	MemorySwapMeter_init	244	named	/usr/src/htop-3.3.0-4build1/MemorySwapMeter.c
00123750	Meter_setCaption	85	named	/usr/src/htop-3.3.0-4build1/Meter.c
001237b0	GraphMeterMode_draw	1254	named	/usr/src/htop-3.3.0-4build1/Meter.c
00123cb0	TextItem_new	72	named	/usr/src/htop-3.3.0-4build1/OptionItem.c
00123d00	CheckItem_newByRef	95	named	/usr/src/htop-3.3.0-4build1/OptionItem.c
00123d60	CheckItem_newByVal	99	named	/usr/src/htop-3.3.0-4build1/OptionItem.c
00123dd0	NumberItem_newByRef	130	named	/usr/src/htop-3.3.0-4build1/OptionItem.c
00123e60	NumberItem_newByVal	162	named	/usr/src/htop-3.3.0-4build1/OptionItem.c
00123f10	Panel_new	342	named	/usr/src/htop-3.3.0-4build1/Panel.c
00124070	Panel_init	299	named	/usr/src/htop-3.3.0-4build1/Panel.c
001241a0	Panel_selectByTyping	532	named	/usr/src/htop-3.3.0-4build1/Panel.c
001243c0	Process_makeCommandStr	7823	named	/usr/src/htop-3.3.0-4build1/Process.c
00126290	Process_updateComm	129	named	/usr/src/htop-3.3.0-4build1/Process.c
00126320	Process_updateCmdline	316	named	/usr/src/htop-3.3.0-4build1/Process.c
00126480	Process_updateExe	192	named	/usr/src/htop-3.3.0-4build1/Process.c
00126560	Header_populateFromSettings	848	named	/usr/src/htop-3.3.0-4build1/Header.c
001268d0	Panel_prune	50	named	/usr/src/htop-3.3.0-4build1/Panel.c
00126910	Header_writeBackToSettings	710	named	/usr/src/htop-3.3.0-4build1/Header.c
00126bf0	Panel_done	81	named	/usr/src/htop-3.3.0-4build1/Panel.c
00126c50	HeaderOptionsPanel_delete_lto_priv_0	87	named	/usr/src/htop-3.3.0-4build1/HeaderOptionsPanel.c
00126cb0	IncSet_delete	53	named	/usr/src/htop-3.3.0-4build1/IncSet.c
00126cf0	InfoScreen_done	134	named	/usr/src/htop-3.3.0-4build1/InfoScreen.c
00126d80	MainPanel_delete	171	named	/usr/src/htop-3.3.0-4build1/MainPanel.c
00126e40	MetersPanel_cleanup	39	named	/usr/src/htop-3.3.0-4build1/MetersPanel.c
00126e80	MetersPanel_delete_lto_priv_0	87	named	/usr/src/htop-3.3.0-4build1/MetersPanel.c
00126ee0	Panel_delete	87	named	/usr/src/htop-3.3.0-4build1/Panel.c
00126f40	HeaderOptionsPanel_eventHandler	248	named	/usr/src/htop-3.3.0-4build1/HeaderOptionsPanel.c
00127050	HeaderOptionsPanel_new	557	named	/usr/src/htop-3.3.0-4build1/HeaderOptionsPanel.c
00127280	IncSet_new	206	named	/usr/src/htop-3.3.0-4build1/IncSet.c
00127350	InfoScreen_init	684	named	/usr/src/htop-3.3.0-4build1/InfoScreen.c
00127610	OpenFilesScreen_new	111	named	/usr/src/htop-3.3.0-4build1/OpenFilesScreen.c
00127680	ProcessLocksScreen_new	106	named	/usr/src/htop-3.3.0-4build1/ProcessLocksScreen.c
001276f0	IncSet_drawBar	137	named	/usr/src/htop-3.3.0-4build1/IncSet.c
00127780	IncSet_activate	136	named	/usr/src/htop-3.3.0-4build1/IncSet.c
00127810	Panel_draw	2319	named	/usr/src/htop-3.3.0-4build1/Panel.c
00128160	InfoScreen_drawTitled	526	named	/usr/src/htop-3.3.0-4build1/InfoScreen.c
00128370	OpenFilesScreen_draw	65	named	/usr/src/htop-3.3.0-4build1/OpenFilesScreen.c
001283c0	ProcessLocksScreen_draw	65	named	/usr/src/htop-3.3.0-4build1/ProcessLocksScreen.c
00128410	Process_rowMatchesFilter	543	named	/usr/src/htop-3.3.0-4build1/Process.c
00128660	IncSet_synthesizeEvent	40	named	/usr/src/htop-3.3.0-4build1/IncSet.c
00128690	Meter_humanUnit	189	named	/usr/src/htop-3.3.0-4build1/Meter.c
00128760	Meter_toListItem	347	named	/usr/src/htop-3.3.0-4build1/Meter.c
001288c0	MetersPanel_new	617	named	/usr/src/htop-3.3.0-4build1/MetersPanel.c
00128b40	RowField_alignedTitle	350	named	/usr/src/htop-3.3.0-4build1/Row.c
00128cc0	RowField_keyAt	124	named	/usr/src/htop-3.3.0-4build1/Row.c
00128d50	LoadAverageMeter_updateValues	182	named	/usr/src/htop-3.3.0-4build1/LoadAverageMeter.c
00128e10	LoadMeter_updateValues	204	named	/usr/src/htop-3.3.0-4build1/LoadAverageMeter.c
00128ef0	LoadAverageMeter_display	257	named	/usr/src/htop-3.3.0-4build1/LoadAverageMeter.c
00129000	LoadMeter_display	129	named	/usr/src/htop-3.3.0-4build1/LoadAverageMeter.c
00129090	Machine_init	206	named	/usr/src/htop-3.3.0-4build1/Machine.c
00129160	MainPanel_updateLabels	88	named	/usr/src/htop-3.3.0-4build1/MainPanel.c
001291c0	MainPanel_drawFunctionBar	96	named	/usr/src/htop-3.3.0-4build1/MainPanel.c
00129230	MainPanel_printHeader	26	named	/usr/src/htop-3.3.0-4build1/MainPanel.c
00129250	MainPanel_new	321	named	/usr/src/htop-3.3.0-4build1/MainPanel.c
001293a0	MemoryMeter_updateValues	200	named	/usr/src/htop-3.3.0-4build1/MemoryMeter.c
00129470	MemoryMeter_display	625	named	/usr/src/htop-3.3.0-4build1/MemoryMeter.c
001296f0	NetworkIOMeter_display	391	named	/usr/src/htop-3.3.0-4build1/NetworkIOMeter.c
00129890	CheckItem_display	180	named	/usr/src/htop-3.3.0-4build1/OptionItem.c
00129950	NumberItem_display	452	named	/usr/src/htop-3.3.0-4build1/OptionItem.c
00129b20	Panel_insert	35	named	/usr/src/htop-3.3.0-4build1/Panel.c
00129b50	MetersPanel_eventHandler	1061	named	/usr/src/htop-3.3.0-4build1/MetersPanel.c
00129fb0	NetworkIOMeter_updateValues	838	named	/usr/src/htop-3.3.0-4build1/NetworkIOMeter.c
0012a340	Panel_add	165	named	/usr/src/htop-3.3.0-4build1/Panel.c
0012a3f0	IncSet_handleKey	2054	named	/usr/src/htop-3.3.0-4build1/IncSet.c
0012ac40	InfoScreen_run	978	named	/usr/src/htop-3.3.0-4build1/InfoScreen.c
0012b050	MainPanel_eventHandler	1414	named	/usr/src/htop-3.3.0-4build1/MainPanel.c
0012b620	InfoScreen_addLine	447	named	/usr/src/htop-3.3.0-4build1/InfoScreen.c
0012b7f0	OpenFilesScreen_scan	2388	named	/usr/src/htop-3.3.0-4build1/OpenFilesScreen.c
0012c160	InfoScreen_appendLine	420	named	/usr/src/htop-3.3.0-4build1/InfoScreen.c
0012c310	Panel_set	146	named	/usr/src/htop-3.3.0-4build1/Panel.c
0012c3b0	Panel_splice	35	named	/usr/src/htop-3.3.0-4build1/Panel.c
0012c3e0	Process_writeField	2363	named	/usr/src/htop-3.3.0-4build1/Process.c
0012cd50	Process_rowWriteField	9	named	/usr/src/htop-3.3.0-4build1/Process.c
0012cd60	ProcessLocksScreen_scan	624	named	/usr/src/htop-3.3.0-4build1/ProcessLocksScreen.c
0012cff0	ProcessTable_init	273	named	/usr/src/htop-3.3.0-4build1/ProcessTable.c
0012d110	ProcessTable_done	66	named	/usr/src/htop-3.3.0-4build1/ProcessTable.c
0012d160	ProcessTable_cleanupEntries	151	named	/usr/src/htop-3.3.0-4build1/ProcessTable.c
0012d200	Row_compare	25	named	/usr/src/htop-3.3.0-4build1/Row.c
0012d220	Table_prepareEntries	60	named	/usr/src/htop-3.3.0-4build1/Table.c
0012d260	quickSort	254	named	/usr/src/htop-3.3.0-4build1/Vector.c
0012d370	ScreenListItem_delete	81	named	/usr/src/htop-3.3.0-4build1/ScreensPanel.c
0012d3d0	drawTab	376	named	/usr/src/htop-3.3.0-4build1/ScreenManager.c
0012d550	startRenaming	171	named	/usr/src/htop-3.3.0-4build1/Panel.c
0012d610	toFieldIndex	535	named	/usr/src/htop-3.3.0-4build1/Settings.c
0012d840	writeFields	360	named	/usr/src/htop-3.3.0-4build1/Settings.c
0012d9d0	SysArchMeter_updateValues	145	named	/usr/src/htop-3.3.0-4build1/SysArchMeter.c
0012da70	Row_toggleTag	9	named	/usr/src/htop-3.3.0-4build1/Row.c
0012da80	Row_compareByParent_Base	194	named	/usr/src/htop-3.3.0-4build1/Row.c
0012db60	compareRowByKnownParentThenNatural	23	named	/usr/src/htop-3.3.0-4build1/Table.c
0012db80	RichString_setAttrn	112	named	/usr/src/htop-3.3.0-4build1/RichString.c
0012dbf0	RichString_findChar	91	named	/usr/src/htop-3.3.0-4build1/RichString.c
0012dc60	RichString_delete	48	named	/usr/src/htop-3.3.0-4build1/RichString.c
0012dca0	RichString_setAttr	38	named	/usr/src/htop-3.3.0-4build1/RichString.c
0012dcd0	Scheduling_rowSetPolicy	116	named	/usr/src/htop-3.3.0-4build1/Scheduling.c
0012dd50	Scheduling_formatPolicy	88	named	/usr/src/htop-3.3.0-4build1/Scheduling.c
0012dde0	Scheduling_readProcessPolicy	36	named	/usr/src/htop-3.3.0-4build1/Scheduling.c
0012de10	ScreenManager_size	8	named	/usr/src/htop-3.3.0-4build1/ScreenManager.c
0012de20	Vector_remove	117	named	/usr/src/htop-3.3.0-4build1/Vector.c
0012dea0	ScreenManager_resize	177	named	/usr/src/htop-3.3.0-4build1/ScreenManager.c
0012df60	ScreenSettings_delete	55	named	/usr/src/htop-3.3.0-4build1/Settings.c
0012dfa0	Vector_moveUp	35	named	/usr/src/htop-3.3.0-4build1/Vector.c
0012dfd0	Settings_delete	290	named	/usr/src/htop-3.3.0-4build1/Settings.c
0012e100	String_freeArray	62	named	/usr/src/htop-3.3.0-4build1/XUtils.c
0012e150	ScreenSettings_invertSortOrder	56	named	/usr/src/htop-3.3.0-4build1/Settings.c
0012e190	ScreenSettings_setSortKey	72	named	/usr/src/htop-3.3.0-4build1/Settings.c
0012e1f0	Settings_enableReadonly	12	named	/usr/src/htop-3.3.0-4build1/Settings.c
0012e200	Settings_isReadonly	12	named	/usr/src/htop-3.3.0-4build1/Settings.c
0012e210	Table_setPanel	9	named	/usr/src/htop-3.3.0-4build1/Table.c
0012e220	Vector_softRemove	74	named	/usr/src/htop-3.3.0-4build1/Vector.c
0012e280	Vector_quickSortCustomCompare	23	named	/usr/src/htop-3.3.0-4build1/Vector.c
0012e2a0	Table_expandTree	49	named	/usr/src/htop-3.3.0-4build1/Table.c
0012e2e0	UsersTable_foreach	79	named	/usr/src/htop-3.3.0-4build1/UsersTable.c
0012e330	Vector_delete	82	named	/usr/src/htop-3.3.0-4build1/Vector.c
0012e390	ScreenManager_delete	38	named	/usr/src/htop-3.3.0-4build1/ScreenManager.c
0012e3c0	Vector_prune	106	named	/usr/src/htop-3.3.0-4build1/Vector.c
0012e430	Vector_insertionSort	141	named	/usr/src/htop-3.3.0-4build1/Vector.c
0012e4d0	Vector_take	90	named	/usr/src/htop-3.3.0-4build1/Vector.c
0012e530	ScreenManager_remove	176	named	/usr/src/htop-3.3.0-4build1/ScreenManager.c
0012e5f0	Vector_compact	184	named	/usr/src/htop-3.3.0-4build1/Vector.c
0012e6c0	Vector_moveDown	37	named	/usr/src/htop-3.3.0-4build1/Vector.c
0012e6f0	Vector_indexOf	95	named	/usr/src/htop-3.3.0-4build1/Vector.c
0012e760	Row_printPercentage	202	named	/usr/src/htop-3.3.0-4build1/Row.c
0012e840	TasksMeter_updateValues	155	named	/usr/src/htop-3.3.0-4build1/TasksMeter.c
0012e8e0	TraceScreen_forkTracer	398	named	/usr/src/htop-3.3.0-4build1/TraceScreen.c
0012ea80	ScreensPanel_delete	131	named	/usr/src/htop-3.3.0-4build1/ScreensPanel.c
0012eb10	ScreenTabsPanel_delete_lto_priv_0	87	named	/usr/src/htop-3.3.0-4build1/ScreenTabsPanel.c
0012eb70	ScreenNamesPanel_delete	154	named	/usr/src/htop-3.3.0-4build1/ScreenTabsPanel.c
0012ec10	TraceScreen_delete	228	named	/usr/src/htop-3.3.0-4build1/TraceScreen.c
0012ed00	Settings_write	2877	named	/usr/src/htop-3.3.0-4build1/Settings.c
0012f890	SwapMeter_updateValues	145	named	/usr/src/htop-3.3.0-4build1/SwapMeter.c
0012f930	Table_done	66	named	/usr/src/htop-3.3.0-4build1/Table.c
0012f980	Table_delete	74	named	/usr/src/htop-3.3.0-4build1/Table.c
0012f9d0	UsersTable_delete	55	named	/usr/src/htop-3.3.0-4build1/UsersTable.c
0012fa10	Table_removeIndex	158	named	/usr/src/htop-3.3.0-4build1/Table.c
0012fac0	Table_cleanupRow	71	named	/usr/src/htop-3.3.0-4build1/Table.c
0012fb20	Table_cleanupEntries	215	named	/usr/src/htop-3.3.0-4build1/Table.c
0012fc10	TraceScreen_draw	65	named	/usr/src/htop-3.3.0-4build1/TraceScreen.c
0012fc60	TraceScreen_updateTrace	419	named	/usr/src/htop-3.3.0-4build1/TraceScreen.c
0012fe10	TraceScreen_onKey	164	named	/usr/src/htop-3.3.0-4build1/TraceScreen.c
0012fec0	UptimeMeter_updateValues	487	named	/usr/src/htop-3.3.0-4build1/UptimeMeter.c
001300c0	fail	18	named	/usr/src/htop-3.3.0-4build1/XUtils.c
001300e0	xRealloc	45	named	/usr/src/htop-3.3.0-4build1/XUtils.c
00130110	xMalloc	25	named	/usr/src/htop-3.3.0-4build1/XUtils.c
00130130	RichString_setLen	442	named	/usr/src/htop-3.3.0-4build1/RichString.c
00130300	RichString_appendChr	142	named	/usr/src/htop-3.3.0-4build1/RichString.c
00130390	RichString_rewind	15	named	/usr/src/htop-3.3.0-4build1/RichString.c
001303a0	RichString_appendnWideColumns	386	named	/usr/src/htop-3.3.0-4build1/RichString.c
00130530	Row_printLeftAlignedField	221	named	/usr/src/htop-3.3.0-4build1/Row.c
00130610	RichString_appendWide	343	named	/usr/src/htop-3.3.0-4build1/RichString.c
00130770	RichString_appendnWide	327	named	/usr/src/htop-3.3.0-4build1/RichString.c
001308c0	RichString_writeWide	303	named	/usr/src/htop-3.3.0-4build1/RichString.c
00130a00	RichString_appendAscii	187	named	/usr/src/htop-3.3.0-4build1/RichString.c
00130ac0	RichString_appendnAscii	171	named	/usr/src/htop-3.3.0-4build1/RichString.c
00130b70	Row_printKBytes	980	named	/usr/src/htop-3.3.0-4build1/Row.c
00130f70	Row_printBytes	54	named	/usr/src/htop-3.3.0-4build1/Row.c
00130fb0	Row_printCount	644	named	/usr/src/htop-3.3.0-4build1/Row.c
00131250	Row_printTime	985	named	/usr/src/htop-3.3.0-4build1/Row.c
00131650	Row_printRate	601	named	/usr/src/htop-3.3.0-4build1/Row.c
001318d0	TasksMeter_display	544	named	/usr/src/htop-3.3.0-4build1/TasksMeter.c
00131b20	RichString_writeAscii	171	named	/usr/src/htop-3.3.0-4build1/RichString.c
00131bd0	SwapMeter_display	380	named	/usr/src/htop-3.3.0-4build1/SwapMeter.c
00131d50	Table_printHeader	880	named	/usr/src/htop-3.3.0-4build1/Table.c
001320d0	Scheduling_togglePolicyPanelResetOnFork	132	named	/usr/src/htop-3.3.0-4build1/Scheduling.c
00132160	xCalloc	33	named	/usr/src/htop-3.3.0-4build1/XUtils.c
00132190	ScreenManager_new	209	named	/usr/src/htop-3.3.0-4build1/ScreenManager.c
00132270	ScreenListItem_new	102	named	/usr/src/htop-3.3.0-4build1/ScreensPanel.c
001322e0	ScreensPanel_update	283	named	/usr/src/htop-3.3.0-4build1/ScreensPanel.c
00132410	ScreenNameListItem_new	102	named	/usr/src/htop-3.3.0-4build1/ScreenTabsPanel.c
00132480	Settings_defaultMeters	1068	named	/usr/src/htop-3.3.0-4build1/Settings.c
001328c0	xReallocArray	56	named	/usr/src/htop-3.3.0-4build1/XUtils.c
00132900	Settings_setHeaderLayout	384	named	/usr/src/htop-3.3.0-4build1/Settings.c
00132aa0	Table_init	263	named	/usr/src/htop-3.3.0-4build1/Table.c
00132bb0	TraceScreen_new	164	named	/usr/src/htop-3.3.0-4build1/TraceScreen.c
00132c60	UsersTable_new	63	named	/usr/src/htop-3.3.0-4build1/UsersTable.c
00132ca0	UsersTable_getRef	184	named	/usr/src/htop-3.3.0-4build1/UsersTable.c
00132d60	Vector_new	166	named	/usr/src/htop-3.3.0-4build1/Vector.c
00132e10	xMallocArray	36	named	/usr/src/htop-3.3.0-4build1/XUtils.c
00132e40	xReallocArrayZero	150	named	/usr/src/htop-3.3.0-4build1/XUtils.c
00132ee0	Vector_insert	157	named	/usr/src/htop-3.3.0-4build1/Vector.c
00132f90	ScreenManager_insert	278	named	/usr/src/htop-3.3.0-4build1/ScreenManager.c
001330b0	ScreenManager_add	16	named	/usr/src/htop-3.3.0-4build1/ScreenManager.c
001330c0	Vector_set	145	named	/usr/src/htop-3.3.0-4build1/ScreenManager.c
00133160	Scheduling_newPolicyPanel	709	named	/usr/src/htop-3.3.0-4build1/Scheduling.c
00133430	Scheduling_newPriorityPanel	728	named	/usr/src/htop-3.3.0-4build1/Scheduling.c
00133710	ScreensPanel_new	606	named	/usr/src/htop-3.3.0-4build1/ScreensPanel.c
00133970	ScreenNamesPanel_new	600	named	/usr/src/htop-3.3.0-4build1/ScreenTabsPanel.c
00133bd0	ScreenTabsPanel_new	676	named	/usr/src/htop-3.3.0-4build1/ScreenTabsPanel.c
00133e80	SignalsPanel_new	795	named	/usr/src/htop-3.3.0-4build1/SignalsPanel.c
001341b0	Table_add	64	named	/usr/src/htop-3.3.0-4build1/Table.c
001341f0	Table_buildTreeBranch	421	named	/usr/src/htop-3.3.0-4build1/Table.c
001343c0	Table_buildTree	380	named	/usr/src/htop-3.3.0-4build1/Table.c
00134550	Table_collapseAllBranches	83	named	/usr/src/htop-3.3.0-4build1/Table.c
001345b0	Table_updateDisplayList	297	named	/usr/src/htop-3.3.0-4build1/Table.c
00134700	Table_rebuildPanel	766	named	/usr/src/htop-3.3.0-4build1/Table.c
00134a30	ScreenManager_run	2438	named	/usr/src/htop-3.3.0-4build1/ScreenManager.c
00135420	Vector_add	148	named	/usr/src/htop-3.3.0-4build1/Vector.c
001354c0	Vector_splice	143	named	/usr/src/htop-3.3.0-4build1/Vector.c
00135560	String_cat	153	named	/usr/src/htop-3.3.0-4build1/XUtils.c
00135600	String_trim	118	named	/usr/src/htop-3.3.0-4build1/XUtils.c
00135680	String_split	281	named	/usr/src/htop-3.3.0-4build1/XUtils.c
001357b0	Settings_readMeters	116	named	/usr/src/htop-3.3.0-4build1/Settings.c
00135830	Settings_readMeterModes	435	named	/usr/src/htop-3.3.0-4build1/Settings.c
00135a00	ScreenSettings_readFields	359	named	/usr/src/htop-3.3.0-4build1/Settings.c
00135b80	Settings_initScreenSettings	111	named	/usr/src/htop-3.3.0-4build1/Settings.c
00135bf0	Settings_newScreen	345	named	/usr/src/htop-3.3.0-4build1/Settings.c
00135d60	ScreensPanel_eventHandler	2446	named	/usr/src/htop-3.3.0-4build1/ScreensPanel.c
00136760	Settings_newDynamicScreen	216	named	/usr/src/htop-3.3.0-4build1/Settings.c
00136840	ScreenNamesPanel_eventHandlerNormal	1224	named	/usr/src/htop-3.3.0-4build1/ScreenTabsPanel.c
00136d60	ScreenTabsPanel_eventHandler	545	named	/usr/src/htop-3.3.0-4build1/ScreenTabsPanel.c
00136fb0	ScreenNamesPanel_eventHandler	495	named	/usr/src/htop-3.3.0-4build1/ScreenTabsPanel.c
001371c0	String_contains_i	292	named	/usr/src/htop-3.3.0-4build1/XUtils.c
001372f0	String_readLine	233	named	/usr/src/htop-3.3.0-4build1/XUtils.c
001373f0	Settings_read	4406	named	/usr/src/htop-3.3.0-4build1/Settings.c
00138550	Settings_new	878	named	/usr/src/htop-3.3.0-4build1/Settings.c
001388e0	StrBuf_putc_count	15	named	/usr/src/htop-3.3.0-4build1/linux/CGroupUtils.c
001388f0	StrBuf_putc_write	34	named	/usr/src/htop-3.3.0-4build1/linux/CGroupUtils.c
00138920	sortTtyDrivers	45	named	/usr/src/htop-3.3.0-4build1/linux/LinuxProcessTable.c
00138950	Process_delete	158	named	/usr/src/htop-3.3.0-4build1/linux/LinuxProcess.c
001389f0	SystemdMeter_done	156	named	/usr/src/htop-3.3.0-4build1/linux/SystemdMeter.c
00138a90	scanCPUFrequencyFromCPUinfo	511	named	/usr/src/htop-3.3.0-4build1/linux/LinuxMachine.c
00138ca0	LinuxProcessTable_readStatusFile	1042	named	/usr/src/htop-3.3.0-4build1/linux/LinuxProcessTable.c
001390d0	LinuxProcessTable_readOomData	235	named	/usr/src/htop-3.3.0-4build1/linux/LinuxProcessTable.c
001391c0	CGroup_filterName_internal	2586	named	/usr/src/htop-3.3.0-4build1/linux/CGroupUtils.c
00139c70	CGroup_filterContainer_internal	1173	named	/usr/src/htop-3.3.0-4build1/linux/CGroupUtils.c
0013a190	handleNetlinkMsg	603	named	/usr/src/htop-3.3.0-4build1/linux/LinuxProcessTable.c
0013a410	String_safeStrncpy	45	named	/usr/src/htop-3.3.0-4build1/XUtils.c
0013a450	readfd_internal	225	named	/usr/src/htop-3.3.0-4build1/XUtils.c
0013a540	procAcpiCheck	155	named	/usr/src/htop-3.3.0-4build1/linux/Platform.c
0013a5e0	Platform_Battery_getSysData	1560	named	/usr/src/htop-3.3.0-4build1/linux/Platform.c
0013ac50	xReadfile	63	named	/usr/src/htop-3.3.0-4build1/XUtils.c
0013ac90	xReadfileat	63	named	/usr/src/htop-3.3.0-4build1/XUtils.c
0013acd0	full_write	110	named	/usr/src/htop-3.3.0-4build1/XUtils.c
0013ad50	compareRealNumbers	47	named	/usr/src/htop-3.3.0-4build1/XUtils.c
0013ad80	sumPositiveValues	61	named	/usr/src/htop-3.3.0-4build1/XUtils.c
0013add0	Generic_gettime_realtime	175	named	/usr/src/htop-3.3.0-4build1/generic/gettime.c
0013ae90	Generic_gettime_monotonic	112	named	/usr/src/htop-3.3.0-4build1/generic/gettime.c
0013af00	Generic_hostname	37	named	/usr/src/htop-3.3.0-4build1/generic/hostname.c
0013af30	IOPriorityPanel_getIOPriority	39	named	/usr/src/htop-3.3.0-4build1/linux/IOPriorityPanel.c
0013af60	LibSensors_init	446	named	/usr/src/htop-3.3.0-4build1/linux/LibSensors.c
0013b140	LibSensors_cleanup	50	named	/usr/src/htop-3.3.0-4build1/linux/LibSensors.c
0013b180	LibSensors_reload	51	named	/usr/src/htop-3.3.0-4build1/linux/LibSensors.c
0013b1c0	Machine_delete	66	named	/usr/src/htop-3.3.0-4build1/linux/LinuxMachine.c
0013b210	Machine_isCPUonline	34	named	/usr/src/htop-3.3.0-4build1/linux/LinuxMachine.c
0013b240	LinuxProcess_updateIOPriority	48	named	/usr/src/htop-3.3.0-4build1/linux/LinuxProcess.c
0013b270	LinuxProcess_rowSetIOPriority	76	named	/usr/src/htop-3.3.0-4build1/linux/LinuxProcess.c
0013b2c0	LinuxProcess_isAutogroupEnabled	112	named	/usr/src/htop-3.3.0-4build1/linux/LinuxProcess.c
0013b340	Platform_setBindings	68	named	/usr/src/htop-3.3.0-4build1/linux/Platform.c
0013b390	Platform_getUptime	227	named	/usr/src/htop-3.3.0-4build1/linux/Platform.c
0013b480	Platform_getLoadAverage	206	named	/usr/src/htop-3.3.0-4build1/linux/Platform.c
0013b560	Platform_getMaxPid	120	named	/usr/src/htop-3.3.0-4build1/linux/Platform.c
0013b5e0	Platform_setCPUValues	1080	named	/usr/src/htop-3.3.0-4build1/linux/Platform.c
0013ba40	Platform_setMemoryValues	577	named	/usr/src/htop-3.3.0-4build1/linux/Platform.c
0013bca0	Platform_setSwapValues	326	named	/usr/src/htop-3.3.0-4build1/linux/Platform.c
0013be10	Platform_setZramValues	197	named	/usr/src/htop-3.3.0-4build1/linux/Platform.c
0013bef0	Platform_setZfsArcValues	438	named	/usr/src/htop-3.3.0-4build1/linux/Platform.c
0013c0c0	ZfsArcMeter_readStats	416	named	/usr/src/htop-3.3.0-4build1/zfs/ZfsArcMeter.c
0013c270	Platform_setZfsCompressedArcValues	228	named	/usr/src/htop-3.3.0-4build1/linux/Platform.c
0013c360	ZfsCompressedArcMeter_readStats	212	named	/usr/src/htop-3.3.0-4build1/zfs/ZfsCompressedArcMeter.c
0013c450	Platform_getFileDescriptors	279	named	/usr/src/htop-3.3.0-4build1/linux/Platform.c
0013c570	Platform_getDiskIO	493	named	/usr/src/htop-3.3.0-4build1/linux/Platform.c
0013c770	Platform_getNetworkIO	318	named	/usr/src/htop-3.3.0-4build1/linux/Platform.c
0013c8c0	Platform_longOptionsUsage	5	named	/usr/src/htop-3.3.0-4build1/linux/Platform.c
0013c8d0	Platform_getLongOption	10	named	/usr/src/htop-3.3.0-4build1/linux/Platform.c
0013c8e0	Platform_done	50	named	/usr/src/htop-3.3.0-4build1/linux/Platform.c
0013c920	Platform_init	368	named	/usr/src/htop-3.3.0-4build1/linux/Platform.c
0013caa0	Platform_init_13caa0	87	named	/usr/src/htop-3.3.0-4build1/linux/Platform.c
0013cb00	xAsprintf	216	named	/usr/src/htop-3.3.0-4build1/XUtils.c
0013cbe0	xSnprintf	214	named	/usr/src/htop-3.3.0-4build1/XUtils.c
0013ccc0	Platform_getPressureStall	260	named	/usr/src/htop-3.3.0-4build1/linux/Platform.c
0013cdd0	Platform_Battery_getProcBatInfo	943	named	/usr/src/htop-3.3.0-4build1/linux/Platform.c
0013d1a0	Platform_getBattery	345	named	/usr/src/htop-3.3.0-4build1/linux/Platform.c
0013d320	PressureStallMeter_updateValues	265	named	/usr/src/htop-3.3.0-4build1/linux/PressureStallMeter.c
0013d430	SELinuxMeter_updateValues	384	named	/usr/src/htop-3.3.0-4build1/linux/SELinuxMeter.c
0013d5c0	ZfsCompressedArcMeter_updateValues	289	named	/usr/src/htop-3.3.0-4build1/zfs/ZfsCompressedArcMeter.c
0013d700	LinuxProcessTable_readStatFile	1353	named	/usr/src/htop-3.3.0-4build1/linux/LinuxProcessTable.c
0013dc70	LinuxProcess_changeAutogroupPriorityBy	243	named	/usr/src/htop-3.3.0-4build1/linux/LinuxProcess.c
0013dd70	LinuxProcess_rowChangeAutogroupPriorityBy	12	named	/usr/src/htop-3.3.0-4build1/linux/LinuxProcess.c
0013dd80	Platform_actionHigherAutogroupPriority	336	named	/usr/src/htop-3.3.0-4build1/linux/Platform.c
0013dee0	Platform_actionLowerAutogroupPriority	336	named	/usr/src/htop-3.3.0-4build1/linux/Platform.c
0013e040	xStrdup	25	named	/usr/src/htop-3.3.0-4build1/XUtils.c
0013e060	free_and_xStrdup	83	named	/usr/src/htop-3.3.0-4build1/XUtils.c
0013e0c0	xStrndup	25	named	/usr/src/htop-3.3.0-4build1/XUtils.c
0013e0e0	CGroup_filterName	207	named	/usr/src/htop-3.3.0-4build1/linux/CGroupUtils.c
0013e1c0	CGroup_filterContainer	227	named	/usr/src/htop-3.3.0-4build1/linux/CGroupUtils.c
0013e2c0	LibSensors_getCPUTemperatures	1487	named	/usr/src/htop-3.3.0-4build1/linux/LibSensors.c
0013e8b0	LinuxProcess_new	89	named	/usr/src/htop-3.3.0-4build1/linux/LinuxProcess.c
0013e910	LinuxProcessTable_initTtyDrivers	798	named	/usr/src/htop-3.3.0-4build1/linux/LinuxProcessTable.c
0013ec40	LinuxProcessTable_readCGroupFile	1499	named	/usr/src/htop-3.3.0-4build1/linux/LinuxProcessTable.c
0013f230	LinuxProcessTable_readSecattrData	342	named	/usr/src/htop-3.3.0-4build1/linux/LinuxProcessTable.c
0013f390	LinuxProcessTable_readCwd	226	named	/usr/src/htop-3.3.0-4build1/linux/LinuxProcessTable.c
0013f480	Platform_getProcessEnv	304	named	/usr/src/htop-3.3.0-4build1/linux/Platform.c
0013f5c0	Platform_getProcessLocks	1230	named	/usr/src/htop-3.3.0-4build1/linux/Platform.c
0013fab0	SystemdMeter_updateValues	1637	named	/usr/src/htop-3.3.0-4build1/linux/SystemdMeter.c
00140160	Affinity_get	344	named	/usr/src/htop-3.3.0-4build1/Affinity.c
001402d0	Generic_uname	946	named	/usr/src/htop-3.3.0-4build1/generic/uname.c
001406b0	Generic_uname_1406b0	39	named	/usr/src/htop-3.3.0-4build1/generic/uname.c
001406e0	HugePageMeter_updateValues	416	named	/usr/src/htop-3.3.0-4build1/linux/HugePageMeter.c
001408a0	ZramMeter_updateValues	409	named	/usr/src/htop-3.3.0-4build1/linux/ZramMeter.c
00140a50	ZfsArcMeter_updateValues	120	named	/usr/src/htop-3.3.0-4build1/zfs/ZfsArcMeter.c
00140ad0	HugePageMeter_display	236	named	/usr/src/htop-3.3.0-4build1/linux/HugePageMeter.c
00140bc0	ZramMeter_display	279	named	/usr/src/htop-3.3.0-4build1/linux/ZramMeter.c
00140ce0	ZfsArcMeter_display	629	named	/usr/src/htop-3.3.0-4build1/zfs/ZfsArcMeter.c
00140f60	IOPriorityPanel_new	1018	named	/usr/src/htop-3.3.0-4build1/linux/IOPriorityPanel.c
00141370	LinuxMachine_updateCPUcount	615	named	/usr/src/htop-3.3.0-4build1/linux/LinuxMachine.c
001415f0	LinuxMachine_scanCPUTime	1477	named	/usr/src/htop-3.3.0-4build1/linux/LinuxMachine.c
00141bc0	Machine_scan	4453	named	/usr/src/htop-3.3.0-4build1/linux/LinuxMachine.c
00142dd0	Machine_new	401	named	/usr/src/htop-3.3.0-4build1/linux/LinuxMachine.c
00142f70	LinuxProcess_rowWriteField	1881	named	/usr/src/htop-3.3.0-4build1/linux/LinuxProcess.c
001436e0	LinuxProcess_compareByKey	1177	named	/usr/src/htop-3.3.0-4build1/linux/LinuxProcess.c
00143ba0	ProcessTable_new	348	named	/usr/src/htop-3.3.0-4build1/linux/LinuxProcessTable.c
00143d00	ProcessTable_delete	164	named	/usr/src/htop-3.3.0-4build1/linux/LinuxProcessTable.c
00143db0	LinuxProcessTable_readCmdlineFile	1490	named	/usr/src/htop-3.3.0-4build1/linux/LinuxProcessTable.c
001443c0	Platform_actionSetIOPriority	502	named	/usr/src/htop-3.3.0-4build1/linux/Platform.c
001445e0	PressureStallMeter_display	257	named	/usr/src/htop-3.3.0-4build1/linux/PressureStallMeter.c
001446f0	ZfsCompressedArcMeter_display	447	named	/usr/src/htop-3.3.0-4build1/zfs/ZfsCompressedArcMeter.c
001448c0	_SystemdMeter_display	758	named	/usr/src/htop-3.3.0-4build1/linux/SystemdMeter.c
00144bd0	SystemdMeter_display	19	named	/usr/src/htop-3.3.0-4build1/linux/SystemdMeter.c
00144bf0	SystemdUserMeter_display	19	named	/usr/src/htop-3.3.0-4build1/linux/SystemdMeter.c
00144c10	LinuxProcessTable_recurseProcTree	8149	named	/usr/src/htop-3.3.0-4build1/linux/LinuxProcessTable.c
00146c70	ProcessTable_goThroughEntries	175	named	/usr/src/htop-3.3.0-4build1/linux/LinuxProcessTable.c
