156810	14b938	.rodata	s_Children_processes'_system_CPU_t_0014b938
156010	147d20	.rodata	s_3_columns_-_25/25/50_00147d20
157810	148a44	.rodata	DAT_00148a44
158010	1470d8	.rodata	DAT_001470d8
159010	1479d0	.rodata	s_Memory_001479d0
15c010	11fe00	.text	FUNC:ListItem_delete
157818	148a49	.rodata	DAT_00148a49
158018	1470d8	.rodata	DAT_001470d8
159018	1479d0	.rodata	s_Memory_001479d0
15c018	11ff00	.text	FUNC:ListItem_compare
156800	14836d	.rodata	s_CSTIME_0014836d
157800	148a3f	.rodata	DAT_00148a3f
158000	1496e8	.rodata	s_New_001496e8
158800	14782a	.rodata	s_PSI_some_CPU:_0014782a
159800	1141b0	.text	FUNC:DualColCPUsMeter_draw
15a000	126f40	.text	FUNC:HeaderOptionsPanel_eventHandler
15c000	15a6e0	.data.rel.ro	ListItem_class
156808	148374	.rodata	DAT_00148374
156008	147d11	.rodata	s_three_25_25_50_00147d11
157808	148a3f	.rodata	DAT_00148a3f
158008	1470d8	.rodata	DAT_001470d8
158808	14b288	.rodata	s_Pressure_Stall_Information,_some_0014b288
159008	14d040	.rodata	MemoryMeter_attributes
15b008	15b008	.data	__dso_handle
15c008	121640	.text	FUNC:ListItem_display
156830	14b960	.rodata	s_Kernel's_internal_priority_for_t_0014b960
157830	148a44	.rodata	DAT_00148a44
158830	11fe30	.text	FUNC:Meter_delete
159830	147b12	.rodata	s_RightCPUs2_00147b12
15c030	11fe00	.text	FUNC:ListItem_delete
156038	147d59	.rodata	s_three_50_25_25_00147d59
157838	148a44	.rodata	DAT_00148a44
159838	147b1d	.rodata	s_CPUs_(3&4/4)_00147b1d
15c038	11ff00	.text	FUNC:ListItem_compare
158020	1470d8	.rodata	DAT_001470d8
156820	1485e1	.rodata	s_PRIORITY_001485de+3
156020	147d35	.rodata	s_three_25_50_25_00147d35
157820	148a49	.rodata	DAT_00148a49
158820	15a020	.data.rel.ro	Meter_class
159020	1479d7	.rodata	DAT_001479d7
15a020	14d100	.rodata	Object_class
15b020	14753e	.rodata	DAT_0014753e
15c020	15a6e0	.data.rel.ro	ListItem_class
156828	14837e	.rodata	DAT_0014837e
156028	147d44	.rodata	s_3_columns_-_25/50/25_00147d44
157828	148a3a	.rodata	DAT_00148a3a
158028	147bf5	.rodata	s_Done_00147bf5
158828	1445e0	.text	FUNC:PressureStallMeter_display
159828	14d0c0	.rodata	CPUMeter_attributes
15c028	121640	.text	FUNC:ListItem_display
156050	147d7d	.rodata	s_three_40_30_30_00147d7d
156850	14b990	.rodata	s_Nice_value_(the_higher_the_value_0014b990
157850	148a49	.rodata	DAT_00148a49
158050	1470d8	.rodata	DAT_001470d8
159050	11fe30	.text	FUNC:Meter_delete
15c050	12d370	.text	FUNC:ScreenListItem_delete
156058	147d8c	.rodata	s_3_columns_-_40/30/30_00147d8c
157858	148a3f	.rodata	DAT_00148a3f
158058	1470d8	.rodata	DAT_001470d8
158858	13d320	.text	FUNC:PressureStallMeter_updateValues
15c058	11ff00	.text	FUNC:ListItem_compare
156840	14872b	.rodata	s_NICE_00148721+0xa
156040	147d68	.rodata	s_3_columns_-_50/25/25_00147d68
157840	148a44	.rodata	DAT_00148a44
158040	1470d8	.rodata	DAT_001470d8
159040	15a020	.data.rel.ro	Meter_class
159840	147826	.rodata	s_CPU_0014781d+9
15b040	1491d9	.rodata	
15c040	15a6e0	.data.rel.ro	ListItem_class
156848	148383	.rodata	DAT_00148383
157848	148a3a	.rodata	DAT_00148a3a
158048	1470d8	.rodata	DAT_001470d8
159048	128ef0	.text	FUNC:LoadAverageMeter_display
159848	14b4d0	.rodata	s_CPUs_(3&4/4):_second_half_in_2_s_0014b4d0
15c048	121640	.text	FUNC:ListItem_display
156070	147db0	.rodata	s_3_columns_-_30/40/30_00147db0
157870	148a44	.rodata	DAT_00148a44
158070	1470d8	.rodata	DAT_001470d8
159870	11fe30	.text	FUNC:Meter_delete
157878	148a3a	.rodata	DAT_00148a3a
158078	1470d8	.rodata	DAT_001470d8
159078	128d50	.text	FUNC:LoadAverageMeter_updateValues
157860	148a3a	.rodata	DAT_00148a3a
158060	1496e8	.rodata	s_New_001496e8
159860	15a020	.data.rel.ro	Meter_class
15b060	1475a2	.rodata	s_delay_001475a2
156068	147da1	.rodata	s_three_30_40_30_00147da1
157868	148a3f	.rodata	DAT_00148a3f
158068	1470d8	.rodata	DAT_001470d8
159868	11e6d0	.text	FUNC:CPUMeter_display
156890	148399	.rodata	s_Time_the_process_was_started_00148399
158890	14783c	.rodata	s_PressureStallIOSome_0014783c
159890	1144c0	.text	FUNC:QuadColCPUsMeter_updateMode
156098	147de9	.rodata	s_three_40_20_40_00147de9
158898	147850	.rodata	s_PSI_some_IO_00147850
159898	114070	.text	FUNC:AllCPUsMeter_updateValues
156880	148388	.rodata	s_STARTTIME_00148388
156080	147dc5	.rodata	s_three_30_30_40_00147dc5
157880	148a44	.rodata	DAT_00148a44
158080	1470d8	.rodata	DAT_001470d8
159880	11ca60	.text	FUNC:QuadColCPUsMeter_init
15b080	1475a8	.rodata	
156888	148392	.rodata	s_START_00148392
156088	147dd4	.rodata	s_3_columns_-_30/30/40_00147dd4
157888	148a3f	.rodata	DAT_00148a3f
158088	147bf5	.rodata	s_Done_00147bf5
158888	14cfd8	.rodata	PressureStallMeter_attributes
159888	1144e0	.text	FUNC:AllCPUsMeter_done
1560b0	147e0d	.rodata	s_four_25_25_25_25_00147e0d
1578b0	148a62	.rodata	DAT_00148a62
1580b0	1470d8	.rodata	DAT_001470d8
1590b0	1479db	.rodata	s_LoadAverage_001479db
1560b8	147e1e	.rodata	s_4_columns_-_25/25/25/25_00147e1e
1578b8	148a62	.rodata	DAT_00148a62
1580b8	1470d8	.rodata	DAT_001470d8
1590b8	1479e7	.rodata	s_Load_average_001479e7
1560a0	147df8	.rodata	s_3_columns_-_40/20/40_00147df8
1578a0	148a4e	.rodata	DAT_00148a4e
1580a0	1470d8	.rodata	DAT_001470d8
1588a0	14785c	.rodata	s_PSI_some_IO:_0014785c
1598a0	1141c0	.text	FUNC:QuadColCPUsMeter_draw
15b0a0	1475b7	.rodata	
1578a8	148a5b	.rodata	DAT_00148a5b
1580a8	1496ef	.rodata	s_Rename_001496ef
1588a8	14b2b0	.rodata	s_Pressure_Stall_Information,_some_0014b2b0
1590a8	14d058	.rodata	LoadAverageMeter_attributes
1560d0	1470d8	.rodata	DAT_001470d8
1578d0	148a78	.rodata	DAT_00148a78
1580d0	147c16	.rodata	DAT_00147c16
1588d0	11fe30	.text	FUNC:Meter_delete
1598d0	147b2a	.rodata	s_AllCPUs4_00147b2a
15a0d0	11fed0	.text	FUNC:OptionItem_delete
1560d8	1470d8	.rodata	DAT_001470d8
1578d8	148a62	.rodata	DAT_00148a62
1580d8	147c1d	.rodata	s_MoveDn_00147c1d
1598d8	147b33	.rodata	s_CPUs_(1&2&3&4/4)_00147b33
1560c0	1470d8	.rodata	DAT_001470d8
1578c0	148a6f	.rodata	DAT_00148a6f
1580c0	1496e8	.rodata	s_New_001496e8
1588c0	15a020	.data.rel.ro	Meter_class
1590c0	1479f4	.rodata	s_Load_average:_001479f4
15a0c0	15a140	.data.rel.ro	OptionItem_class
15b0c0	149c22	.rodata	
1560c8	1470d8	.rodata	DAT_001470d8
1578c8	148a78	.rodata	DAT_00148a78
1580c8	1470d8	.rodata	DAT_001470d8
1588c8	1445e0	.text	FUNC:PressureStallMeter_display
1590c8	14b398	.rodata	s_Load_averages:_1_minute,_5_minut_0014b398
1598c8	14d0c0	.rodata	CPUMeter_attributes
15a0c8	11ff20	.text	FUNC:TextItem_display
1560f0	1470d8	.rodata	DAT_001470d8
1578f0	148a85	.rodata	DAT_00148a85
1590f0	11fe30	.text	FUNC:Meter_delete
1560f8	1470d8	.rodata	DAT_001470d8
1578f8	148a8e	.rodata	DAT_00148a8e
1588f8	13d320	.text	FUNC:PressureStallMeter_updateValues
1560e0	14744e	.rodata	s_Add_0014744e
1578e0	148a4e	.rodata	DAT_00148a4e
1580e0	147c24	.rodata	s_Remove_00147c24
1590e0	15a020	.data.rel.ro	Meter_class
1598e0	147826	.rodata	s_CPU_0014781d+9
15b0e0	1475c0	.rodata	
1560e8	1470d8	.rodata	DAT_001470d8
1578e8	148a4e	.rodata	DAT_00148a4e
1580e8	147bf5	.rodata	s_Done_00147bf5
1590e8	129000	.text	FUNC:LoadMeter_display
1598e8	14b500	.rodata	s_CPUs_(1&2&3&4/4):_all_CPUs_in_4_s_0014b500
157910	148aad	.rodata	DAT_00148aad
158110	1470d8	.rodata	DAT_001470d8
159910	11fe30	.text	FUNC:Meter_delete
15a110	11fed0	.text	FUNC:OptionItem_delete
157918	148aba	.rodata	DAT_00148aba
158118	1470d8	.rodata	DAT_001470d8
159118	128e10	.text	FUNC:LoadMeter_updateValues
156100	1470d8	.rodata	DAT_001470d8
157900	148a95	.rodata	DAT_00148a95
158100	1470d8	.rodata	DAT_001470d8
159900	15a020	.data.rel.ro	Meter_class
15a100	15a140	.data.rel.ro	OptionItem_class
15b100	1475c9	.rodata	
156108	147bf5	.rodata	s_Done_00147bf5
157908	148aa2	.rodata	DAT_00148aa2
158108	1496ef	.rodata	s_Rename_001496ef
159908	11e6d0	.text	FUNC:CPUMeter_display
15a108	129950	.text	FUNC:NumberItem_display
156130	1175c0	.text	FUNC:MaskItem_delete
157930	148adb	.rodata	DAT_00148adb
158130	147c16	.rodata	DAT_00147c16
158930	14786e	.rodata	s_PressureStallIOFull_0014786e
159930	1144c0	.text	FUNC:QuadColCPUsMeter_updateMode
157938	148aad	.rodata	DAT_00148aad
158138	147c1d	.rodata	s_MoveDn_00147c1d
158938	147882	.rodata	s_PSI_full_IO_00147882
159938	114070	.text	FUNC:AllCPUsMeter_updateValues
157920	148ac7	.rodata	DAT_00148ac7
158120	1470d8	.rodata	DAT_001470d8
159920	11ca60	.text	FUNC:QuadColCPUsMeter_init
15b120	1475d3	.rodata	
156128	11adf0	.text	FUNC:MaskItem_display
157928	148ad4	.rodata	DAT_00148ad4
158128	1470d8	.rodata	DAT_001470d8
158928	14cfd8	.rodata	PressureStallMeter_attributes
159928	1144e0	.text	FUNC:AllCPUsMeter_done
156150	147bd9	.rodata	DAT_00147bd9
157950	148afc	.rodata	DAT_00148afc
159150	147a03	.rodata	DAT_00147a03
15a150	11fed0	.text	FUNC:OptionItem_delete
156158	147bdc	.rodata	DAT_00147bdc
157958	148b09	.rodata	DAT_00148b09
159158	147a03	.rodata	DAT_00147a03
156140	147e3e	.rodata	s_Enter_00147e3e
157940	148ae8	.rodata	DAT_00148ae8
158140	147c24	.rodata	s_Remove_00147c24
158940	14788e	.rodata	s_PSI_full_IO:_0014788e
159940	1141c0	.text	FUNC:QuadColCPUsMeter_draw
15a140	14d100	.rodata	Object_class
15b140	1475dc	.rodata	
156148	147e44	.rodata	DAT_00147e44
157948	148af5	.rodata	DAT_00148af5
158148	147bf5	.rodata	s_Done_00147bf5
158948	14b2d8	.rodata	s_Pressure_Stall_Information,_full_0014b2d8
159148	14d064	.rodata	LoadMeter_attributes
156170	147e48	.rodata	s_Set_00147e48
157970	148ae8	.rodata	DAT_00148ae8
158170	14a1b8	.rodata	s_via_cputemp_0014a1b8
158970	11fe30	.text	FUNC:Meter_delete
159970	147b44	.rodata	s_LeftCPUs4_00147b44
156178	147223	.rodata	s_Cancel_00147223
157978	148b16	.rodata	DAT_00148b16
159978	147b4e	.rodata	s_CPUs_(1-4/8)_00147b4e
156160	148bcf	.rodata	DAT_00148bcf
157960	148b16	.rodata	DAT_00148b16
158160	14a1af	.rodata	s_coretemp_0014a1af
158960	15a020	.data.rel.ro	Meter_class
159160	147a08	.rodata	s_Load:_00147a08
15b160	1475e7	.rodata	
157968	148b09	.rodata	DAT_00148b09
158968	1445e0	.text	FUNC:PressureStallMeter_display
159168	14b3c8	.rodata	s_Load:_average_of_ready_processes_0014b3c8
159968	14d0c0	.rodata	CPUMeter_attributes
158190	14a1d0	.rodata	
159190	11fe30	.text	FUNC:Meter_delete
15a190	117890	.text	FUNC:DisplayOptionsPanel_delete
158998	13d320	.text	FUNC:PressureStallMeter_updateValues
157980	148ae8	.rodata	DAT_00148ae8
158180	14a1c4	.rodata	
159180	15a020	.data.rel.ro	Meter_class
159980	147826	.rodata	s_CPU_0014781d+9
15a180	15a6a0	.data.rel.ro	Panel_class
15b180	149a4e	.rodata	
157988	148b09	.rodata	DAT_00148b09
159988	14b530	.rodata	s_CPUs_(1-4/8):_first_half_in_4_sh_0014b530
1561b0	147e50	.rodata	s_switch_to_previous_screen_tab_00147e50
1579b0	147583	.rodata	DAT_00147583
1581b0	14a1e1	.rodata	
1599b0	11fe30	.text	FUNC:Meter_delete
1561b8	147e6e	.rodata	s_Space:_00147e6e
1579b8	1473d4	.rodata	s_._001473cb+9
1591b8	120080	.text	FUNC:HostnameMeter_updateValues
1561a0	147022	.rodata	s_S-Tab:_00147022
1579a0	1470dd	.rodata	DAT_001470dd
1581a0	14a1d8	.rodata	
1599a0	15a020	.data.rel.ro	Meter_class
15a1a0	11f5f0	.text	FUNC:DisplayOptionsPanel_eventHandler
15b1a0	1475ec	.rodata	
1579a8	1473d4	.rodata	s_._001473cb+9
1599a8	11e6d0	.text	FUNC:CPUMeter_display
1561d0	147e84	.rodata	s_c:_00147e84
1579d0	147583	.rodata	DAT_00147583
1589d0	1478a0	.rodata	s_PressureStallIRQFull_001478a0
1599d0	1144c0	.text	FUNC:QuadColCPUsMeter_updateMode
15a1d0	117790	.text	FUNC:ColumnsPanel_delete
1579d8	147583	.rodata	DAT_00147583
1581d8	14a1e8	.rodata	s_Best-effort_0014a1e8
1589d8	1478b5	.rodata	s_PSI_full_IRQ_001478b5
1599d8	114070	.text	FUNC:AllCPUsMeter_updateValues
1579c0	1473d4	.rodata	s_._001473cb+9
1599c0	11ca60	.text	FUNC:QuadColCPUsMeter_init
15a1c0	15a6a0	.data.rel.ro	Panel_class
15b1c0	1475f3	.rodata	
1561c8	147e78	.rodata	s_tag_process_00147e78
1579c8	147583	.rodata	DAT_00147583
1581c8	149e19	.rodata	s_Realtime_00149e19
1589c8	14cfd8	.rodata	PressureStallMeter_attributes
1599c8	1144e0	.text	FUNC:AllCPUsMeter_done
1591f0	147a0f	.rodata	s_Hostname_00147a0f
1561f8	147eb5	.rodata	s_untag_all_processes_00147eb5
1591f8	147a0f	.rodata	s_Hostname_00147a0f
1561e0	147e8e	.rodata	s_tag_process_and_its_children_00147e8e
1579e0	147583	.rodata	DAT_00147583
1589e0	1478c2	.rodata	s_PSI_full_IRQ:_001478c2
1599e0	1141c0	.text	FUNC:QuadColCPUsMeter_draw
15a1e0	11cf50	.text	FUNC:ColumnsPanel_eventHandler
15b1e0	147605	.rodata	
1561e8	147eab	.rodata	s_U:_00147eab
1589e8	14b300	.rodata	s_Pressure_Stall_Information,_full_0014b300
1591e8	14d068	.rodata	HostnameMeter_attributes
156210	147ed3	.rodata	s_kill_process/tagged_processes_00147ed3
157a10	148b21	.rodata	DAT_00148b21
158210	14a201	.rodata	s_256K:_0014a201
158a10	11fe30	.text	FUNC:Meter_delete
159a10	147b5b	.rodata	s_RightCPUs4_00147b5b
15a210	11fed0	.text	FUNC:OptionItem_delete
156218	147ef1	.rodata	s_F7_]:_00147ef1
157a18	148b25	.rodata	DAT_00148b25
158218	14a208	.rodata	s_512K:_0014a208
159a18	147b66	.rodata	s_CPUs_(5-8/8)_00147b66
156200	147ec9	.rodata	s_F9_k:_00147ec9
157a00	1470dd	.rodata	DAT_001470dd
158200	14a1f4	.rodata	s_64K:_0014a1f4
158a00	15a020	.data.rel.ro	Meter_class
159200	147a18	.rodata	s_Hostname:_00147a18
15a200	15a140	.data.rel.ro	OptionItem_class
157a08	148b1d	.rodata	DAT_00148b1d
158208	14a1fa	.rodata	s_128K:_0014a1fa
158a08	1445e0	.text	FUNC:PressureStallMeter_display
159a08	14d0c0	.rodata	CPUMeter_attributes
15a208	129890	.text	FUNC:CheckItem_display
156230	147f17	.rodata	s_F8_[:_00147f17
157a30	148b31	.rodata	DAT_00148b31
158230	14a219	.rodata	DAT_0014a219
159230	11fe30	.text	FUNC:Meter_delete
157a38	148b35	.rodata	DAT_00148b35
158238	14a21e	.rodata	DAT_0014a21e
158a38	13d320	.text	FUNC:PressureStallMeter_updateValues
157a20	148b29	.rodata	DAT_00148b29
158220	14a20f	.rodata	DAT_0014a20f
159220	15a020	.data.rel.ro	Meter_class
159a20	147826	.rodata	s_CPU_0014781d+9
156228	147efb	.rodata	s_higher_priority_(root_only)_00147efb
157a28	148b2d	.rodata	DAT_00148b2d
158228	14a214	.rodata	DAT_0014a214
159228	11ef70	.text	FUNC:FileDescriptorMeter_display
159a28	14b560	.rodata	s_CPUs_(5-8/8):_second_half_in_4_s_0014b560
157a50	148b41	.rodata	DAT_00148b41
158250	14a22f	.rodata	s_64M:_0014a22f
159a50	11fe30	.text	FUNC:Meter_delete
15a250	117730	.text	FUNC:ColorsPanel_delete
156258	147f43	.rodata	s_set_CPU_affinity_00147f43
157a58	148b45	.rodata	DAT_00148b45
158258	14a235	.rodata	s_128M:_0014a235
159258	11f910	.text	FUNC:FileDescriptorMeter_updateValues
156240	147f21	.rodata	s_lower_priority_(+_nice)_00147f21
157a40	148b39	.rodata	DAT_00148b39
158240	14a223	.rodata	s_16M:_0014a223
159a40	15a020	.data.rel.ro	Meter_class
15a240	15a6a0	.data.rel.ro	Panel_class
156248	147f39	.rodata	s_a:_00147f39
157a48	148b3d	.rodata	DAT_00148b3d
158248	14a229	.rodata	s_32M:_0014a229
159a48	11e6d0	.text	FUNC:CPUMeter_display
156270	147f5e	.rodata	s_show_process_environment_00147f5e
157270	14bd98	.rodata	s_OpenVZ_container_ID_(a.k.a._virt_0014bd98
157a70	148b51	.rodata	DAT_00148b51
158270	14a24a	.rodata	DAT_0014a24a
158a70	1478d4	.rodata	s_PressureStallMemorySome_001478d4
159a70	1144d0	.text	FUNC:OctoColCPUsMeter_updateMode
156278	147f77	.rodata	s_i:_00147f77
157a78	148b55	.rodata	DAT_00148b55
158278	14a24f	.rodata	DAT_0014a24f
158a78	1478ec	.rodata	s_PSI_some_memory_001478ec
159a78	114070	.text	FUNC:AllCPUsMeter_updateValues
156260	147f54	.rodata	s_e:_00147f54
157260	1484ce	.rodata	DAT_001484ce
157a60	148b49	.rodata	DAT_00148b49
158260	14a23c	.rodata	s_256M:_0014a23c
159a60	11ca70	.text	FUNC:OctoColCPUsMeter_init
15a260	116530	.text	FUNC:ColorsPanel_eventHandler
157268	1484d3	.rodata	s_CTID_001484d3
157a68	148b4d	.rodata	DAT_00148b4d
158268	14a243	.rodata	s_512M:_0014a243
158a68	14cfd8	.rodata	PressureStallMeter_attributes
159a68	1144e0	.text	FUNC:AllCPUsMeter_done
156290	147f91	.rodata	s_l:_00147f91
157290	1484e2	.rodata	s_OpenVZ_process_ID_001484e2
157a90	148b61	.rodata	DAT_00148b61
158290	14a25e	.rodata	s_16G:_0014a25e
159290	147a23	.rodata	s_FileDescriptors_00147a23
15a290	1176d0	.text	FUNC:CategoriesPanel_delete
157a98	148b65	.rodata	DAT_00148b65
158298	14a264	.rodata	s_32G:_0014a264
159298	147a33	.rodata	s_File_Descriptors_00147a33
157280	1484dd	.rodata	DAT_001484dd
157a80	148b59	.rodata	DAT_00148b59
158280	14a254	.rodata	DAT_0014a254
158a80	1478fc	.rodata	s_PSI_some_memory:_001478fc
159a80	1141d0	.text	FUNC:OctoColCPUsMeter_draw
15a280	15a6a0	.data.rel.ro	Panel_class
156288	147f81	.rodata	s_set_IO_priority_00147f81
157288	1484dd	.rodata	DAT_001484dd
157a88	148b5d	.rodata	DAT_00148b5d
158288	14a259	.rodata	DAT_0014a259
158a88	14b328	.rodata	s_Pressure_Stall_Information,_some_0014b328
159288	14d070	.rodata	FileDescriptorMeter_attributes
156ab0	14b9e8	.rodata	s_Id_of_the_CPU_the_process_last_e_0014b9e8
1572b0	148500	.rodata	s_VServer_process_ID_00148500
157ab0	148b71	.rodata	DAT_00148b71
1582b0	14a277	.rodata	s_256G:_0014a277
158ab0	11fe30	.text	FUNC:Meter_delete
159ab0	147b73	.rodata	s_AllCPUs8_00147b73
1562b8	147fbf	.rodata	s_list_file_locks_of_process_00147fbf
157ab8	148b75	.rodata	DAT_00148b75
1582b8	14a27e	.rodata	s_512G:_0014a27e
159ab8	147b7c	.rodata	s_CPUs_(1-8/8)_00147b7c
156aa0	1483b6	.rodata	s_PROCESSOR_001483b6
1562a0	147f9b	.rodata	s_list_open_files_with_lsof_00147f9b
1572a0	1484f4	.rodata	DAT_001484f4
157aa0	148b69	.rodata	DAT_00148b69
1582a0	14a26a	.rodata	s_64G:_0014a26a
158aa0	15a020	.data.rel.ro	Meter_class
1592a0	147a44	.rodata	s_FDs:_00147a44
15a2a0	11cde0	.text	FUNC:CategoriesPanel_eventHandler
1562a8	147fb5	.rodata	s_x:_00147fb5
156aa8	1483c0	.rodata	DAT_001483c0
1572a8	1484f9	.rodata	s_VXID_001484f9
157aa8	148b6d	.rodata	DAT_00148b6d
1582a8	14a270	.rodata	s_128G:_0014a270
158aa8	1445e0	.text	FUNC:PressureStallMeter_display
1592a8	14b400	.rodata	s_Number_of_allocated/available_fi_0014b400
159aa8	14d0c0	.rodata	CPUMeter_attributes
1562d0	147fe4	.rodata	s_trace_syscalls_with_strace_00147fe4
156ad0	14ba18	.rodata	s_Total_program_size_in_virtual_me_0014ba18
1572d0	14bdd0	.rodata	s_Number_of_bytes_the_process_has_r_0014bdd0
1582d0	138950	.text	FUNC:Process_delete
1592d0	11fe30	.text	FUNC:Meter_delete
15a2d0	11fe30	.text	FUNC:Meter_delete
1562d8	147fff	.rodata	s_w:_00147fff
1582d8	122c50	.text	FUNC:Process_compare
158ad8	13d320	.text	FUNC:PressureStallMeter_updateValues
156ac0	1483c5	.rodata	s_M_VIRT_001483c5
1562c0	147fda	.rodata	s_s:_00147fda
1572c0	148513	.rodata	s_RCHAR_00148513
157ac0	148b79	.rodata	DAT_00148b79
1582c0	158360	.data.rel.ro	Process_class
1592c0	15a020	.data.rel.ro	Meter_class
159ac0	147826	.rodata	s_CPU_0014781d+9
15a2c0	15a020	.data.rel.ro	Meter_class
156ac8	1483cc	.rodata	s_VIRT_001483cc
1572c8	148519	.rodata	s_RCHAR_00148519
1582c8	11fc90	.text	FUNC:Row_display
1592c8	11f410	.text	FUNC:DiskIOMeter_display
159ac8	14b590	.rodata	s_CPUs_(1-8/8):_all_CPUs_in_8_shor_0014b590
15a2c8	11e6d0	.text	FUNC:CPUMeter_display
156af0	14ba40	.rodata	s_Resident_set_size,_size_of_the_t_0014ba40
1562f0	148009	.rodata	s_Y:_00148009
1572f0	14bdf8	.rodata	s_Number_of_bytes_the_process_has_w_0014bdf8
157af0	148b8b	.rodata	s_Search_00148b8b
1582f0	142f70	.text	FUNC:LinuxProcess_rowWriteField
159af0	11fe30	.text	FUNC:Meter_delete
157af8	14751d	.rodata	s_Filter_0014751d
1582f8	128410	.text	FUNC:Process_rowMatchesFilter
1592f8	11f0f0	.text	FUNC:DiskIOMeter_updateValues
15a2f8	11e3d0	.text	FUNC:CPUMeter_updateValues
156ae0	1483d3	.rodata	s_M_RESIDENT_001483d3
1572e0	148520	.rodata	s_WCHAR_00148520
157ae0	148b7d	.rodata	s_Help_00148b7d
1582e0	11fc00	.text	FUNC:Process_rowIsHighlighted
159ae0	15a020	.data.rel.ro	Meter_class
15a2e0	11c3e0	.text	FUNC:CPUMeter_init
1562e8	14b628	.rodata	s_wrap_process_command_in_multiple_0014b628
156ae8	1483de	.rodata	DAT_001483de
1572e8	148526	.rodata	s_WCHAR_00148526
157ae8	148b84	.rodata	s_Setup_00148b84
1582e8	11fc20	.text	FUNC:Process_rowIsVisible
159ae8	11e6d0	.text	FUNC:CPUMeter_display
156b10	14ba88	.rodata	s_Size_of_the_process's_shared_pag_0014ba88
157310	14be20	.rodata	s_Number_of_read(2)_syscalls_for_t_0014be20
157b10	1470d8	.rodata	DAT_001470d8
158310	1436e0	.text	FUNC:LinuxProcess_compareByKey
158b10	14790e	.rodata	s_PressureStallMemoryFull_0014790e
159b10	1144d0	.text	FUNC:OctoColCPUsMeter_updateMode
15a310	11c4d0	.text	FUNC:CPUMeter_getUiName
156318	148033	.rodata	s_setup_00148033
157b18	1470d8	.rodata	DAT_001470d8
158b18	147926	.rodata	s_PSI_full_memory_00147926
159b18	114070	.text	FUNC:AllCPUsMeter_updateValues
156300	148013	.rodata	s_set_scheduling_policy_00148013
156b00	1483e5	.rodata	s_M_SHARE_001483e5
157300	14852d	.rodata	s_SYSCR_0014852d
157b00	14750f	.rodata	s_Tree_0014750f
158300	11fbd0	.text	FUNC:Process_rowGetSortKey
159b00	11ca70	.text	FUNC:OctoColCPUsMeter_init
156308	148029	.rodata	s_F2_C_S:_00148029
156b08	1483ed	.rodata	s_SHR_001483ed
157308	148533	.rodata	s_READ_SYSC_00148533
157b08	148b92	.rodata	s_SortBy_00148b92
158308	122d10	.text	FUNC:Process_compareByParent
158b08	14cfd8	.rodata	PressureStallMeter_attributes
159b08	1144e0	.text	FUNC:AllCPUsMeter_done
156330	148043	.rodata	s_show_this_help_screen_00148043
156b30	14bab0	.rodata	s_Size_of_the_.text_segment_of_the_0014bab0
157330	14be50	.rodata	s_Number_of_write(2)_syscalls_for_t_0014be50
158330	143d00	.text	FUNC:ProcessTable_delete
159330	147a4a	.rodata	s_DiskIO_00147a4a
15a330	147826	.rodata	s_CPU_0014781d+9
156338	148059	.rodata	s_F10_q:_00148059
159338	147a51	.rodata	s_Disk_IO_00147a51
15a338	147826	.rodata	s_CPU_0014781d+9
156b20	1483f4	.rodata	s_M_TRS_001483f4
156320	148039	.rodata	s_F1_h_?:_00148039
157320	148540	.rodata	s_SYSCW_00148540
157b20	1470d8	.rodata	DAT_001470d8
158320	159e40	.data.rel.ro	Table_class
158b20	147936	.rodata	s_PSI_full_memory:_00147936
159b20	1141d0	.text	FUNC:OctoColCPUsMeter_draw
156b28	1483fa	.rodata	s_CODE_001483fa
157328	148546	.rodata	s_WRITE_SYSC_00148546
157b28	148b99	.rodata	s_Quit_00148b99
158b28	14b350	.rodata	s_Pressure_Stall_Information,_full_0014b350
159328	14d0a8	.rodata	DiskIOMeter_attributes
15a328	14d0c0	.rodata	CPUMeter_attributes
156b50	14bae0	.rodata	s_Size_of_the_.data_segment_plus_s_0014bae0
157350	14be80	.rodata	s_Bytes_of_read(2)_I/O_for_the_pro_0014be80
157b50	148b8b	.rodata	s_Search_00148b8b
158350	12d160	.text	FUNC:ProcessTable_cleanupEntries
158b50	11fe30	.text	FUNC:Meter_delete
159b50	147b89	.rodata	s_LeftCPUs8_00147b89
157b58	14751d	.rodata	s_Filter_0014751d
159b58	147b93	.rodata	s_CPUs_(1-8/16)_00147b93
156b40	148401	.rodata	s_M_DRS_00148401
157340	148553	.rodata	s_RBYTES_00148553
157b40	148b7d	.rodata	s_Help_00148b7d
158340	11fc50	.text	FUNC:ProcessTable_prepareEntries
158b40	15a020	.data.rel.ro	Meter_class
159340	147a59	.rodata	s_Disk_IO:_00147a59
15a340	147826	.rodata	s_CPU_0014781d+9
156348	148063	.rodata	DAT_00148063
156b48	148407	.rodata	s_DATA_00148407
157348	14855a	.rodata	s_IO_R_0014855a
157b48	148b84	.rodata	s_Setup_00148b84
158348	1200d0	.text	FUNC:ProcessTable_iterateEntries
158b48	140ad0	.text	FUNC:HugePageMeter_display
159b48	14d0c0	.rodata	CPUMeter_attributes
156b70	14bb28	.rodata	s_The_library_size_of_the_process_(_0014bb28
157370	14bea8	.rodata	s_Bytes_of_write(2)_I/O_for_the_pr_0014bea8
157b70	148ba0	.rodata	s_Nice_-_00148ba0
158370	138950	.text	FUNC:Process_delete
159370	11fe30	.text	FUNC:Meter_delete
15a370	11fe30	.text	FUNC:Meter_delete
157b78	148ba7	.rodata	DAT_00148ba7
158378	122c50	.text	FUNC:Process_compare
158b78	1406e0	.text	FUNC:HugePageMeter_updateValues
156b60	14840e	.rodata	s_M_LRS_0014840e
157360	148561	.rodata	s_WBYTES_00148561
157b60	14750f	.rodata	s_Tree_0014750f
158360	159e80	.data.rel.ro	Row_class
159360	15a020	.data.rel.ro	Meter_class
159b60	147826	.rodata	s_CPU_0014781d+9
15a360	15a020	.data.rel.ro	Meter_class
156b68	148414	.rodata	s_LIB_00148414
157368	148568	.rodata	s_IO_W_00148568
157b68	148b92	.rodata	s_SortBy_00148b92
158368	11fc90	.text	FUNC:Row_display
159b68	14b5c0	.rodata	s_CPUs_(1-8/16):_first_half_in_8_s_0014b5c0
15a368	114280	.text	FUNC:DynamicMeter_display
156390	148068	.rodata	s_hide/show_header_meters_00148068
157390	14bed0	.rodata	s_Bytes_of_cancelled_write(2)_I/O_0014bed0
158390	12cd50	.text	FUNC:Process_rowWriteField
159b90	11fe30	.text	FUNC:Meter_delete
156398	148080	.rodata	s_Tab:_00148080
158398	128410	.text	FUNC:Process_rowMatchesFilter
159398	1157c0	.text	FUNC:DateTimeMeter_updateValues
15a398	114270	.text	FUNC:DynamicMeter_updateValues_lto_priv_0
156380	147018	.rodata	s_#:_00147018
157380	14856f	.rodata	s_CNCLWB_0014856f
157b80	148bae	.rodata	s_Kill_00148bae
158380	11fc00	.text	FUNC:Process_rowIsHighlighted
159b80	15a020	.data.rel.ro	Meter_class
15a380	114060	.text	FUNC:DynamicMeter_init
157388	148576	.rodata	s_IO_C_00148576
157b88	148b99	.rodata	s_Quit_00148b99
158388	11fc20	.text	FUNC:Process_rowIsVisible
159b88	11e6d0	.text	FUNC:CPUMeter_display
1563b0	1480a4	.rodata	s_Arrows:_001480a4
156bb0	148422	.rodata	s_User_ID_of_the_process_owner_00148422
1573b0	14bef0	.rodata	s_The_I/O_rate_of_read(2)_in_bytes_0014bef0
157bb0	147be2	.rodata	DAT_00147be2
158bb0	147948	.rodata	s_HugePages_00147948
159bb0	1144d0	.text	FUNC:OctoColCPUsMeter_updateMode
15a3b0	11c510	.text	FUNC:DynamicMeter_getUiName
157bb8	147e44	.rodata	DAT_00147e44
158bb8	147948	.rodata	s_HugePages_00147948
159bb8	114070	.text	FUNC:AllCPUsMeter_updateValues
156ba0	14841b	.rodata	s_ST_UID_0014841b
1573a0	14857d	.rodata	s_IO_READ_RATE_0014857d
157ba0	148bcf	.rodata	DAT_00148bcf
1583a0	11fbd0	.text	FUNC:Process_rowGetSortKey
159ba0	11ca70	.text	FUNC:OctoColCPUsMeter_init
156ba8	14841e	.rodata	s_UID_0014841b+3
1563a8	14808a	.rodata	s_switch_to_next_screen_tab_0014808a
1573a8	14858a	.rodata	s_DISK_READ_0014858a
157ba8	147bdf	.rodata	DAT_00147bdf
1583a8	122d10	.text	FUNC:Process_compareByParent
158ba8	14cff0	.rodata	HugePageMeter_attributes
159ba8	1144e0	.text	FUNC:AllCPUsMeter_done
15a3a8	114290	.text	FUNC:DynamicMeter_getCaption
156bd0	14bb68	.rodata	s_Percentage_of_the_CPU_time_the_p_0014bb68
1573d0	14bf30	.rodata	s_The_I/O_rate_of_write(2)_in_byte_0014bf30
157bd0	148bc5	.rodata	s_Refresh_00148bc5
1583d0	11fe30	.text	FUNC:Meter_delete
1593d0	147a63	.rodata	s_DateTime_00147a63
15a3d0	147e36	.rodata	s_Dynamic_00147e36
1563d8	1480cc	.rodata	s_incremental_PID_search_001480cc
157bd8	147455	.rodata	s_Done_00147455
1593d8	147a6c	.rodata	s_Date_and_Time_00147a6c
15a3d8	147e36	.rodata	s_Dynamic_00147e36
156bc0	14843f	.rodata	s_PERCENT_CPU_0014843f
1563c0	1480ae	.rodata	s_scroll_process_list_001480ae
1573c0	148597	.rodata	s_IO_WRITE_RATE_00148597
157bc0	148bb5	.rodata	s_Search_00148bb5
1583c0	15a020	.data.rel.ro	Meter_class
158bc0	147952	.rodata	DAT_00147952
159bc0	1141d0	.text	FUNC:OctoColCPUsMeter_draw
156bc8	14844b	.rodata	s_CPU%_0014844b
1563c8	1480c2	.rodata	s_Digits:_001480c2
1573c8	1485a5	.rodata	s_DISK_WRITE_001485a5
157bc8	148bbd	.rodata	s_Filter_00148bbd
1583c8	1446f0	.text	FUNC:ZfsCompressedArcMeter_display
1593c8	14d0b4	.rodata	DateTimeMeter_attributes
15a3c8	14d080	.rodata	DynamicMeter_attributes
155bf0	1139a0	.text	FUNC:_INIT_0
1563f0	1480ed	.rodata	s_incremental_name_search_001480ed
156bf0	14bbb0	.rodata	s_Percentage_of_the_memory_the_pro_0014bbb0
1573f0	14bf70	.rodata	s_Total_I/O_rate_in_bytes_per_seco_0014bf70
158bf0	11fe30	.text	FUNC:Meter_delete
159bf0	147ba1	.rodata	s_RightCPUs8_00147ba1
155bf8	113960	.text	FUNC:_FINI_0
1563f8	148105	.rodata	s_F4_\:_00148105
1583f8	13d5c0	.text	FUNC:ZfsCompressedArcMeter_updateValues
159bf8	147bac	.rodata	s_CPUs_(9-16/16)_00147bac
1563e0	1480e3	.rodata	s_F3_/:_001480e3
156be0	148451	.rodata	s_PERCENT_MEM_00148451
1573e0	1485b2	.rodata	s_IO_RATE_001485b2
158be0	15a020	.data.rel.ro	Meter_class
1593e0	147a7a	.rodata	s_Date_&_Time:_00147a7a
15a3e0	149c0c	.rodata	DAT_00149c0c
156be8	14845d	.rodata	s_MEM%_0014845d
1573e8	1485ba	.rodata	s_DISK_R/W_001485ba
159be8	14d0c0	.rodata	CPUMeter_attributes
155c10	148bcf	.rodata	DAT_00148bcf
156410	14812a	.rodata	s_F5_t:_0014812a
156c10	14bc00	.rodata	s_Username_of_the_process_owner_(o_0014bc00
157410	14bf98	.rodata	s_Which_cgroup_the_process_is_in_0014bf98
157c10	147e44	.rodata	DAT_00147e44
159410	11fe30	.text	FUNC:Meter_delete
15a410	117670	.text	FUNC:AvailableMetersPanel_delete
155c18	147bdf	.rodata	DAT_00147bdf
157c18	1470dc	.rodata	DAT_001470dc
158c18	12fec0	.text	FUNC:UptimeMeter_updateValues
155c00	147bd9	.rodata	DAT_00147bd9
156c00	148463	.rodata	DAT_00148463
157400	148736	.rodata	s_CGROUP_00148735+1
157c00	148bcf	.rodata	DAT_00148bcf
159400	15a020	.data.rel.ro	Meter_class
159c00	147826	.rodata	s_CPU_0014781d+9
15a400	15a6a0	.data.rel.ro	Panel_class
155c08	147bdc	.rodata	DAT_00147bdc
156408	14810f	.rodata	s_incremental_name_filtering_0014810f
156c08	148468	.rodata	s_USER_00148468
157408	1485c7	.rodata	s_CGROUP_(raw)_001485c7
157c08	148bcd	.rodata	DAT_00148bcd
159c08	14b5f0	.rodata	s_CPUs_(9-16/16):_second_half_in_8_0014b5f0
155c30	147be8	.rodata	DAT_00147be8
156c30	14bc48	.rodata	s_Total_time_the_process_has_spent_0014bc48
157430	14bfb8	.rodata	s_OOM_(Out-of-Memory)_killer_score_0014bfb8
157c30	147223	.rodata	s_Cancel_00147223
158430	147762	.rodata	s_ZFSCARC_00147762
159c30	11fe30	.text	FUNC:Meter_delete
155c38	147beb	.rodata	DAT_00147beb
156438	148148	.rodata	s_toggle_program_path_00148148
157c38	148be1	.rodata	s_Search:_00148be1
158438	14776a	.rodata	s_ZFS_CARC_0014776a
159438	1156e0	.text	FUNC:DateMeter_updateValues
155c20	147be2	.rodata	DAT_00147be2
156420	148134	.rodata	s_tree_view_00148134
156c20	14836f	.rodata	s_TIME_0014836d+2
157420	1485d4	.rodata	DAT_001485d4
157c20	148bd2	.rodata	s_Next_00148bd2
159c20	15a020	.data.rel.ro	Meter_class
15a420	11c630	.text	FUNC:AvailableMetersPanel_eventHandler
155c28	147be5	.rodata	DAT_00147be5
156428	14813e	.rodata	s_p:_0014813e
156c28	148474	.rodata	s_TIME+_00148474
157428	1485d8	.rodata	s_OOM_001485d8
157c28	148bd9	.rodata	s_Prev_00148bd9
158428	14cfa4	.rodata	ZfsCompressedArcMeter_attributes
156450	148166	.rodata	s_toggle_merged_command_00148166
156c50	14bc88	.rodata	s_Number_of_threads_in_the_process_0014bc88
157450	1485ee	.rodata	s_I/O_priority_001485ee
157c50	147e3e	.rodata	s_Enter_00147e3e
158c50	147955	.rodata	s_Uptime_00147955
15a450	159400	.data.rel.ro	DateMeter_class
156458	14817c	.rodata	s_Z:_0014817c
157c58	147e44	.rodata	DAT_00147e44
158c58	147955	.rodata	s_Uptime_00147955
159c58	115660	.text	FUNC:ClockMeter_updateValues
15a458	159360	.data.rel.ro	DateTimeMeter_class
155c40	147bee	.rodata	DAT_00147bee
156440	14815c	.rodata	s_m:_0014815c
156c40	14847e	.rodata	DAT_0014847e
157440	1485de	.rodata	s_IO_PRIORITY_001485de
158440	147773	.rodata	s_ARC:_00147773
15a440	15a2c0	.data.rel.ro	CPUMeter_class
155c48	147bf1	.rodata	DAT_00147bf1
156c48	148483	.rodata	s_NLWP_00148483
157448	1485ea	.rodata	DAT_001485ea
158448	14b210	.rodata	s_ZFS_CARC:_Compressed_ARC_statist_0014b210
158c48	14d000	.rodata	UptimeMeter_attributes
15a448	159c20	.data.rel.ro	ClockMeter_class
155c70	1470d8	.rodata	DAT_001470d8
156470	1481a3	.rodata	s_u:_001481a3
156c70	14bcb0	.rodata	s_Thread_group_ID_(i.e._process_ID_0014bcb0
157470	148614	.rodata	s_CPU_delay_%_00148614
158470	11fe30	.text	FUNC:Meter_delete
159470	147a88	.rodata	DAT_00147a88
15a470	158fa0	.data.rel.ro	MemoryMeter_class
155c78	1470d8	.rodata	DAT_001470d8
159478	147a88	.rodata	DAT_00147a88
15a478	158dc0	.data.rel.ro	SwapMeter_class
155c60	1470d8	.rodata	DAT_001470d8
156c60	148489	.rodata	DAT_00148489
157460	1485fb	.rodata	s_PERCENT_CPU_DELAY_001485fb
157c60	1470dc	.rodata	DAT_001470dc
158460	15a020	.data.rel.ro	Meter_class
158c60	14795c	.rodata	s_Uptime:_0014795c
15a460	159040	.data.rel.ro	LoadAverageMeter_class
155c68	1470d8	.rodata	DAT_001470d8
156468	148186	.rodata	s_pause/resume_process_updates_00148186
156c68	148489	.rodata	DAT_00148489
157468	14860d	.rodata	s_CPUD%_0014860d
158468	140ce0	.text	FUNC:ZfsArcMeter_display
159468	14d0b8	.rodata	DateMeter_attributes
15a468	1590e0	.data.rel.ro	LoadMeter_class
155c90	1470d8	.rodata	DAT_001470d8
156c90	14bcd8	.rodata	s_Normalized_percentage_of_the_CPU_0014bcd8
157490	148638	.rodata	s_Block_I/O_delay_%_00148638
157c90	148bf2	.rodata	s_Filter:_00148bf2
158c90	11fe30	.text	FUNC:Meter_delete
159c90	147bbb	.rodata	s_Clock_00147bbb
15a490	158b40	.data.rel.ro	HugePageMeter_class
155c98	1470d8	.rodata	DAT_001470d8
156498	14b670	.rodata	s_hide/show_user_process_threads_0014b670
158498	140a50	.text	FUNC:ZfsArcMeter_updateValues
159c98	147bbb	.rodata	s_Clock_00147bbb
15a498	158c80	.data.rel.ro	TasksMeter_class
156480	14b650	.rodata	s_show_processes_of_a_single_user_0014b650
155c80	1470d8	.rodata	DAT_001470d8
156c80	14848e	.rodata	s_PERCENT_NORM_CPU_0014848e
157480	148620	.rodata	s_PERCENT_IO_DELAY_00148620
157c80	147bf5	.rodata	s_Done_00147bf5
158c80	15a020	.data.rel.ro	Meter_class
159480	147a8d	.rodata	s_Date:_00147a8d
15a480	158f00	.data.rel.ro	MemorySwapMeter_class
155c88	1470d8	.rodata	DAT_001470d8
156488	147133	.rodata	s_H:_00147133
156c88	14849f	.rodata	s_NCPU%_0014849f
157488	148631	.rodata	s_IOD%_00148631
157c88	148beb	.rodata	s_Clear_00148beb
158c88	1318d0	.text	FUNC:TasksMeter_display
159c88	14d0e0	.rodata	ClockMeter_attributes
15a488	158d20	.data.rel.ro	SysArchMeter_class
1564b0	1481ad	.rodata	s_hide/show_kernel_threads_001481ad
156cb0	14bd40	.rodata	s_Time_since_the_process_was_start_0014bd40
1574b0	148664	.rodata	s_Swapin_delay_%_00148664
157cb0	1470d8	.rodata	DAT_001470d8
1594b0	11fe30	.text	FUNC:Meter_delete
15a4b0	159180	.data.rel.ro	HostnameMeter_class
1564b8	1481c6	.rodata	s_O:_001481c6
157cb8	1470d8	.rodata	DAT_001470d8
158cb8	12e840	.text	FUNC:TasksMeter_updateValues
15a4b8	1594a0	.data.rel.ro	AllCPUsMeter_class
155ca0	1470d8	.rodata	DAT_001470d8
1564a0	14713d	.rodata	s_K:_0014713d
156ca0	1484a5	.rodata	s_ELAPSED_001484a5
1574a0	14864a	.rodata	s_PERCENT_SWAP_DELAY_0014864a
157ca0	1470d8	.rodata	DAT_001470d8
1594a0	15a020	.data.rel.ro	Meter_class
159ca0	147a81	.rodata	s_Time:_00147a7a+7
15a4a0	158be0	.data.rel.ro	UptimeMeter_class
155ca8	1470d8	.rodata	DAT_001470d8
156ca8	1484ad	.rodata	s_ELAPSED_001484ad
1574a8	14865d	.rodata	s_SWPD%_0014865d
157ca8	1470d8	.rodata	DAT_001470d8
1594a8	11e6d0	.text	FUNC:CPUMeter_display
15a4a8	159cc0	.data.rel.ro	BatteryMeter_class
1574d0	14bfe0	.rodata	s_proportional_set_size,_same_as_M_0014bfe0
156cd0	14bd68	.rodata	s_Current_scheduling_policy_of_the_0014bd68
155cd0	1470d8	.rodata	DAT_001470d8
1564d0	1481d0	.rodata	s_F:_001481d0
157cd0	1470d8	.rodata	DAT_001470d8
1584d0	147779	.rodata	s_ZFSARC_00147779
1594d0	1144a0	.text	FUNC:SingleColCPUsMeter_updateMode
159cd0	11fe30	.text	FUNC:Meter_delete
15a4d0	159a40	.data.rel.ro	AllCPUs8Meter_class
155cd8	1470d8	.rodata	DAT_001470d8
157cd8	1470d8	.rodata	DAT_001470d8
1584d8	147780	.rodata	s_ZFS_ARC_00147780
1594d8	114070	.text	FUNC:AllCPUsMeter_updateValues
15a4d8	1595e0	.data.rel.ro	LeftCPUsMeter_class
155cc0	1470d8	.rodata	DAT_001470d8
156cc0	1484b7	.rodata	s_SCHEDULERPOLICY_001484b7
1574c0	148673	.rodata	s_M_PSS_00148673
157cc0	1470d8	.rodata	DAT_001470d8
1594c0	11ca40	.text	FUNC:SingleColCPUsMeter_init
159cc0	15a020	.data.rel.ro	Meter_class
15a4c0	159540	.data.rel.ro	AllCPUs2Meter_class
156cc8	1484c7	.rodata	s_SCHED_001484c7
155cc8	1470d8	.rodata	DAT_001470d8
1564c8	14b690	.rodata	s_hide/show_processes_in_container_0014b690
1574c8	148679	.rodata	s_PSS_00148679
157cc8	1470d8	.rodata	DAT_001470d8
1584c8	14cfb0	.rodata	ZfsArcMeter_attributes
1594c8	1144e0	.text	FUNC:AllCPUsMeter_done
15a4c8	159860	.data.rel.ro	AllCPUs4Meter_class
155cf0	1470d8	.rodata	DAT_001470d8
1574f0	14c050	.rodata	s_Size_of_the_process's_swapped_pa_0014c050
158cf0	147965	.rodata	s_Tasks_00147965
15a4f0	1597c0	.data.rel.ro	RightCPUs2Meter_class
155cf8	1470d8	.rodata	DAT_001470d8
1564f8	14b6b8	.rodata	s_expand/collapse_tree/toggle_all_0014b6b8
158cf8	14796b	.rodata	s_Task_counter_0014796b
159cf8	11ca80	.text	FUNC:BatteryMeter_updateValues
15a4f8	159900	.data.rel.ro	LeftCPUs4Meter_class
155ce0	1470d8	.rodata	DAT_001470d8
1564e0	1481da	.rodata	s_cursor_follows_process_001481da
1574e0	148680	.rodata	s_M_SWAP_00148680
157ce0	1470d8	.rodata	DAT_001470d8
1584e0	147773	.rodata	s_ARC:_00147773
1594e0	1141e0	.text	FUNC:SingleColCPUsMeter_draw
15a4e0	159680	.data.rel.ro	RightCPUsMeter_class
155ce8	1470d8	.rodata	DAT_001470d8
1564e8	1481f1	.rodata	s_+_-_*:_001481f1
1574e8	148687	.rodata	s_SWAP_00148687
157ce8	147bf5	.rodata	s_Done_00147bf5
158ce8	14d010	.rodata	TasksMeter_attributes
15a4e8	159720	.data.rel.ro	LeftCPUs2Meter_class
156510	14b6d8	.rodata	s_sort_by_PID,_CPU%,_MEM%_or_TIME_0014b6d8
157510	14c078	.rodata	s_shows_proportional_swap_share_of_0014c078
157d10	147beb	.rodata	DAT_00147beb
158510	11fe30	.text	FUNC:Meter_delete
159510	147a94	.rodata	s_AllCPUs_00147a94
15a510	159b80	.data.rel.ro	RightCPUs8Meter_class
156518	148205	.rodata	s_I:_00148205
157d18	147bee	.rodata	DAT_00147bee
159518	147a9c	.rodata	s_CPUs_(1/1)_00147a9c
15a518	159d60	.data.rel.ro	BlankMeter_class
155d00	1470d8	.rodata	DAT_001470d8
156500	1481fb	.rodata	s_N_P_M_T:_001481fb
157500	14868e	.rodata	s_M_PSSWP_0014868e
157d00	148bcf	.rodata	DAT_00148bcf
158500	15a020	.data.rel.ro	Meter_class
158d00	147978	.rodata	s_Tasks:_00147978
15a500	1599a0	.data.rel.ro	RightCPUs4Meter_class
155d08	147bf5	.rodata	s_Done_00147bf5
157508	148696	.rodata	s_PSSWP_00148696
157d08	147bdf	.rodata	DAT_00147bdf
158508	140bc0	.text	FUNC:ZramMeter_display
159508	14d0c0	.rodata	CPUMeter_attributes
15a508	159ae0	.data.rel.ro	LeftCPUs8Meter_class
155d30	147bfc	.rodata	DAT_00147bfc
156530	148221	.rodata	s_F6_>_.:_00148221
157530	14c108	.rodata	s_Context_switches_(incremental_su_0014c108
158d30	11fe30	.text	FUNC:Meter_delete
159d30	147bc1	.rodata	s_Battery_00147bc1
15a530	1588c0	.data.rel.ro	PressureStallIOFullMeter_class
155d38	14756c	.rodata	DAT_0014756c
158538	1408a0	.text	FUNC:ZramMeter_updateValues
159d38	147bc1	.rodata	s_Battery_00147bc1
15a538	158960	.data.rel.ro	PressureStallIRQFullMeter_class
155d20	148a3d	.rodata	DAT_00148a3d
157520	14869e	.rodata	DAT_0014869e
157d20	147e44	.rodata	DAT_00147e44
158d20	15a020	.data.rel.ro	Meter_class
159520	147826	.rodata	s_CPU_0014781d+9
15a520	158780	.data.rel.ro	PressureStallCPUSomeMeter_class
155d28	147bfc	.rodata	DAT_00147bfc
156528	14820f	.rodata	s_invert_sort_order_0014820f
157528	1486a3	.rodata	s_CTXT_001486a3
159528	147aa7	.rodata	s_CPUs_(1/1):_all_CPUs_00147aa7
159d28	14d0e4	.rodata	BatteryMeter_attributes
15a528	158820	.data.rel.ro	PressureStallIOSomeMeter_class
155d50	148bac	.rodata	DAT_00148bac
157550	14c168	.rodata	s_Security_attribute_of_the_proces_0014c168
157d50	149564	.rodata	s_AutoScroll_00149564
159550	11fe30	.text	FUNC:Meter_delete
15a550	158460	.data.rel.ro	ZfsArcMeter_class
155d58	148ba5	.rodata	s_-_00148ba0+5
157d58	149009	.rodata	s_Stop_Tracing_00149009
158d58	12d9d0	.text	FUNC:SysArchMeter_updateValues
15a558	1583c0	.data.rel.ro	ZfsCompressedArcMeter_class
155d40	148bac	.rodata	DAT_00148bac
156540	14822b	.rodata	s_select_sort_column_0014822b
157540	1486aa	.rodata	s_SECATTR_001486aa
157d40	148bb5	.rodata	s_Search_00148bb5
159540	15a020	.data.rel.ro	Meter_class
159d40	147bc9	.rodata	s_Battery:_00147bc9
15a540	158a00	.data.rel.ro	PressureStallMemorySomeMeter_class
155d48	148ba5	.rodata	s_-_00148ba0+5
157548	1486b2	.rodata	s_Security_Attribute_001486b2
157d48	148bbd	.rodata	s_Filter_00148bbd
159548	11e6d0	.text	FUNC:CPUMeter_display
15a548	158aa0	.data.rel.ro	PressureStallMemoryFullMeter_class
155d70	147c02	.rodata	DAT_00147c02
156570	148244	.rodata	DAT_00148244
157570	14c1a8	.rodata	s_comm_string_of_the_process_from_/_0014c1a8
158570	147788	.rodata	DAT_00147788
159570	1144b0	.text	FUNC:DualColCPUsMeter_updateMode
159d70	11fe30	.text	FUNC:Meter_delete
15a570	158e60	.data.rel.ro	NetworkIOMeter_class
155d78	147c06	.rodata	DAT_00147c06
158578	147788	.rodata	DAT_00147788
159578	114070	.text	FUNC:AllCPUsMeter_updateValues
15a578	1586e0	.data.rel.ro	SELinuxMeter_class
155d60	148ad7	.rodata	DAT_00148ad7
156560	14823e	.rodata	s_Other_0014823e
157560	1486c5	.rodata	DAT_001486c5
157d60	147455	.rodata	s_Done_00147455
159560	11ca50	.text	FUNC:DualColCPUsMeter_init
159d60	15a020	.data.rel.ro	Meter_class
15a560	158500	.data.rel.ro	ZramMeter_class
155d68	147bfe	.rodata	DAT_00147bfe
157568	1486ca	.rodata	s_COMM_001486ca
158568	14cfc8	.rodata	ZramMeter_attributes
159568	1144e0	.text	FUNC:AllCPUsMeter_done
159d68	11fbc0	.text	FUNC:BlankMeter_display_lto_priv_0
15a568	1592c0	.data.rel.ro	DiskIOMeter_class
155d90	147c0e	.rodata	DAT_00147c0e
156590	148254	.rodata	s_Batch_00148254
157590	14c1e0	.rodata	s_Basename_of_exe_of_the_process_f_0014c1e0
157d90	14957a	.rodata	s_1_SIGHUP_0014957a
158d90	147980	.rodata	s_System_00147980
15a590	159220	.data.rel.ro	FileDescriptorMeter_class
155d98	147c12	.rodata	DAT_00147c12
158d98	147980	.rodata	s_System_00147980
159d98	11fbb0	.text	FUNC:BlankMeter_updateValues
155d80	148bac	.rodata	DAT_00148bac
156580	148249	.rodata	s_RoundRobin_00148249
157580	1486db	.rodata	DAT_001486db
157d80	149570	.rodata	s_0_Cancel_00149570
158580	14778d	.rodata	DAT_0014778d
159580	1141b0	.text	FUNC:DualColCPUsMeter_draw
15a580	1585a0	.data.rel.ro	SystemdMeter_class
155d88	147c0a	.rodata	DAT_00147c0a
157588	1486df	.rodata	s_EXE_001486df
158d88	14d020	.rodata	SysArchMeter_attributes
15a588	158640	.data.rel.ro	SystemdUserMeter_class
155db0	15bee0	.data	TextMeterMode
1565b0	14825a	.rodata	DAT_0014825a
1575b0	14c218	.rodata	s_The_current_working_directory_of_0014c218
157db0	14958e	.rodata	s_3_SIGQUIT_0014958e
1585b0	11fe30	.text	FUNC:Meter_delete
1595b0	147abc	.rodata	s_AllCPUs2_00147abc
15a5b0	117560	.text	FUNC:AvailableColumnsPanel_delete
155db8	15bec0	.data	GraphMeterMode
1595b8	147ac5	.rodata	s_CPUs_(1&2/2)_00147ac5
1575a0	1486f0	.rodata	DAT_001486f0
157da0	149584	.rodata	s_2_SIGINT_00149584
1585a0	15a020	.data.rel.ro	Meter_class
158da0	147987	.rodata	s_System:_00147987
15a5a0	15a6a0	.data.rel.ro	Panel_class
155da8	15bf00	.data	BarMeterMode
1575a8	1486f4	.rodata	s_CWD_001486f4
1585a8	144bd0	.text	FUNC:SystemdMeter_display
1595a8	14d0c0	.rodata	CPUMeter_attributes
1575d0	14c248	.rodata	s_The_autogroup_identifier_of_the_p_0014c248
157dd0	1495a3	.rodata	s_5_SIGTRAP_001495a3
158dd0	11fe30	.text	FUNC:Meter_delete
159dd0	147bd3	.rodata	s_Blank_00147bd3
1585d8	13fab0	.text	FUNC:SystemdMeter_updateValues
159dd8	147bd3	.rodata	s_Blank_00147bd3
155dc0	15bea0	.data	LEDMeterMode
1565c0	147e3e	.rodata	s_Enter_00147e3e
1575c0	14870f	.rodata	s_AUTOGROUP_ID_0014870f
157dc0	149599	.rodata	s_4_SIGILL_00149599
158dc0	15a020	.data.rel.ro	Meter_class
1595c0	147826	.rodata	s_CPU_0014781d+9
15a5c0	11a2f0	.text	FUNC:AvailableColumnsPanel_eventHandler
1565c8	147e44	.rodata	DAT_00147e44
1575c8	14871c	.rodata	DAT_0014871c
1585c8	1389f0	.text	FUNC:SystemdMeter_done
158dc8	131bd0	.text	FUNC:SwapMeter_display
1595c8	14b430	.rodata	s_CPUs_(1&2/2):_all_CPUs_in_2_shor_0014b430
159dc8	14d0e8	.rodata	BlankMeter_attributes
155df0	1470d8	.rodata	DAT_001470d8
1575f0	14c270	.rodata	s_Nice_value_(the_higher_the_value_0014c270
157df0	1495b9	.rodata	s_6_SIGIOT_001495b9
1595f0	11fe30	.text	FUNC:Meter_delete
15a5f0	117600	.text	FUNC:AffinityPanel_delete
155df8	1470d8	.rodata	DAT_001470d8
158df8	12f890	.text	FUNC:SwapMeter_updateValues
155de0	1470d8	.rodata	DAT_001470d8
1565e0	149c0c	.rodata	DAT_00149c0c
1575e0	148721	.rodata	s_AUTOGROUP_NICE_00148721
157de0	1495ae	.rodata	s_6_SIGABRT_001495ae
1595e0	15a020	.data.rel.ro	Meter_class
159de0	149c0c	.rodata	DAT_00149c0c
15a5e0	15a6a0	.data.rel.ro	Panel_class
155de8	1470d8	.rodata	DAT_001470d8
1575e8	148730	.rodata	DAT_00148730
1595e8	11e6d0	.text	FUNC:CPUMeter_display
155e10	147c16	.rodata	DAT_00147c16
156610	14825f	.rodata	s_Process/thread_ID_0014825f
157610	14c2e0	.rodata	s_Which_cgroup_the_process_is_in_(_0014c2e0
157e10	1495cd	.rodata	s_8_SIGFPE_001495cd
158610	147791	.rodata	s_Systemd_00147791
159610	1144a0	.text	FUNC:SingleColCPUsMeter_updateMode
159e10	12ec10	.text	FUNC:TraceScreen_delete
155e18	147c1d	.rodata	s_MoveDn_00147c1d
158618	147799	.rodata	s_Systemd_state_00147799
159618	114070	.text	FUNC:AllCPUsMeter_updateValues
155e00	1470d8	.rodata	DAT_001470d8
156600	14828e	.rodata	DAT_0014828e
157600	148735	.rodata	s_CCGROUP_00148735
157e00	1495c3	.rodata	s_7_SIGBUS_001495c3
159600	11ca40	.text	FUNC:SingleColCPUsMeter_init
159e00	14d100	.rodata	Object_class
15a600	11b030	.text	FUNC:AffinityPanel_eventHandler
155e08	1470d8	.rodata	DAT_001470d8
156608	14828e	.rodata	DAT_0014828e
157608	14873d	.rodata	s_CGROUP_(compressed)_0014873d
158608	14cfd0	.rodata	SystemdMeter_attributes
159608	1144e0	.text	FUNC:AllCPUsMeter_done
156630	14827a	.rodata	s_Command_line_0014827a
157630	14c320	.rodata	s_Name_of_the_container_the_proces_0014c320
157e30	1495e2	.rodata	s_10_SIGUSR1_001495e2
158e30	1479c7	.rodata	s_Swap_001479be+9
159e30	12fc60	.text	FUNC:TraceScreen_updateTrace
15a630	1177f0	.text	FUNC:CommandScreen_delete
158e38	1479c7	.rodata	s_Swap_001479be+9
159e38	12fe10	.text	FUNC:TraceScreen_onKey
155e20	147c24	.rodata	s_Remove_00147c24
156620	1491bf	.rodata	s_Command_001491bb+4
157620	148751	.rodata	s_CONTAINER_00148751
157e20	1495d7	.rodata	s_9_SIGKILL_001495d7
158620	1477a7	.rodata	s_Systemd:_001477a7
159620	1141e0	.text	FUNC:SingleColCPUsMeter_draw
15a620	14d100	.rodata	Object_class
155e28	147bf5	.rodata	s_Done_00147bf5
156628	148271	.rodata	s_Command_00148271
157628	148751	.rodata	s_CONTAINER_00148751
158628	14b238	.rodata	s_Systemd_system_state_and_unit_ov_0014b238
158e28	14d028	.rodata	SwapMeter_attributes
159e28	12fc10	.text	FUNC:TraceScreen_draw
155e50	1470d8	.rodata	DAT_001470d8
156650	14b6f8	.rodata	s_Process_state_(S_sleeping,_R_run_0014b6f8
157650	14c360	.rodata	s_The_private_memory_size_of_the_p_0014c360
157e50	1495f8	.rodata	s_12_SIGUSR2_001495f8
158650	11fe30	.text	FUNC:Meter_delete
159650	147ad2	.rodata	s_LeftCPUs_00147ad2
159e50	12f980	.text	FUNC:Table_delete
155e58	1470d8	.rodata	DAT_001470d8
159658	147adb	.rodata	s_CPUs_(1/2)_00147adb
155e40	1470d8	.rodata	DAT_001470d8
156640	148287	.rodata	s_STATE_00148287
157640	14875b	.rodata	s_M_PRIV_0014875b
157e40	1495ed	.rodata	s_11_SIGSEGV_001495ed
158640	15a020	.data.rel.ro	Meter_class
158e40	147990	.rodata	DAT_00147990
159e40	14d100	.rodata	Object_class
15a640	11e100	.text	FUNC:CommandScreen_scan
155e48	1470d8	.rodata	DAT_001470d8
156648	1483e2	.rodata	DAT_001483e2
157648	148762	.rodata	s_PRIV_00148762
158648	144bf0	.text	FUNC:SystemdUserMeter_display
159648	14d0c0	.rodata	CPUMeter_attributes
15a648	11e330	.text	FUNC:CommandScreen_draw
155e70	1470d8	.rodata	DAT_001470d8
156670	148292	.rodata	s_Parent_process_ID_00148292
157670	147c1a	.rodata	DAT_00147c1a
157e70	14960e	.rodata	s_14_SIGALRM_0014960e
158e70	11fe30	.text	FUNC:Meter_delete
159e70	12fb20	.text	FUNC:Table_cleanupEntries
15a670	117880	.text	FUNC:EnvScreen_delete
155e78	1470d8	.rodata	DAT_001470d8
157678	147c21	.rodata	s_Dn_00147c1d+4
158678	13fab0	.text	FUNC:SystemdMeter_updateValues
155e60	1470d8	.rodata	DAT_001470d8
156660	14828d	.rodata	DAT_0014828d
157660	1489e8	.rodata	s_Space_001489e8
157e60	149603	.rodata	s_13_SIGPIPE_00149603
158e60	15a020	.data.rel.ro	Meter_class
159660	147826	.rodata	s_CPU_0014781d+9
159e60	12d220	.text	FUNC:Table_prepareEntries
15a660	14d100	.rodata	Object_class
155e68	1470d8	.rodata	DAT_001470d8
156668	14828d	.rodata	DAT_0014828d
157668	147e3e	.rodata	s_Enter_00147e3e
158668	1389f0	.text	FUNC:SystemdMeter_done
158e68	1296f0	.text	FUNC:NetworkIOMeter_display
159668	14b460	.rodata	s_CPUs_(1/2):_first_half_of_list_0014b460
156690	1482a9	.rodata	s_Process_group_ID_001482a9
157690	1470dc	.rodata	DAT_001470dc
157e90	149624	.rodata	s_16_SIGSTKFLT_00149624
159690	11fe30	.text	FUNC:Meter_delete
157698	1489f4	.rodata	DAT_001489f4
158e98	129fb0	.text	FUNC:NetworkIOMeter_updateValues
159e98	12d200	.text	FUNC:Row_compare
155e80	1470d8	.rodata	DAT_001470d8
156680	1482a4	.rodata	DAT_001482a4
157680	1489ee	.rodata	DAT_001489ee
157e80	149619	.rodata	s_15_SIGTERM_00149619
159680	15a020	.data.rel.ro	Meter_class
159e80	14d100	.rodata	Object_class
15a680	11f7f0	.text	FUNC:EnvScreen_scan
155e88	147bf5	.rodata	s_Done_00147bf5
156688	1482a4	.rodata	DAT_001482a4
157688	1489f1	.rodata	DAT_001489f1
159688	11e6d0	.text	FUNC:CPUMeter_display
15a688	11e380	.text	FUNC:EnvScreen_draw
155eb0	147c39	.rodata	s_Black_on_White_00147c39
1566b0	1482c6	.rodata	s_Process's_session_ID_001482c6
157eb0	14963c	.rodata	s_18_SIGCONT_0014963c
1586b0	1477b1	.rodata	s_SystemdUser_001477b1
1596b0	1144a0	.text	FUNC:SingleColCPUsMeter_updateMode
15a6b0	126ee0	.text	FUNC:Panel_delete
155eb8	147c48	.rodata	s_Light_Terminal_00147c48
1586b8	1477bd	.rodata	s_Systemd_user_state_001477bd
1596b8	114070	.text	FUNC:AllCPUsMeter_updateValues
155ea0	14723e	.rodata	s_Default_0014723e
1566a0	1482ba	.rodata	s_SESSION_001482ba
1576a0	147bf1	.rodata	DAT_00147bf1
157ea0	149631	.rodata	s_17_SIGCHLD_00149631
1596a0	11ca40	.text	FUNC:SingleColCPUsMeter_init
15a6a0	14d100	.rodata	Object_class
15bea0	120ba0	.text	FUNC:LEDMeterMode_draw
155ea8	147c2b	.rodata	s_Monochromatic_00147c2b
1566a8	1482c2	.rodata	DAT_001482c2
1586a8	14cfd0	.rodata	SystemdMeter_attributes
1596a8	1144e0	.text	FUNC:AllCPUsMeter_done
15bea8	14774f	.rodata	DAT_0014774f
155ed0	147c66	.rodata	s_Broken_Gray_00147c66
1566d0	1482e9	.rodata	s_Controlling_terminal_001482e9
1576d0	148a06	.rodata	s_Up_00148a06
157ed0	149652	.rodata	s_20_SIGTSTP_00149652
158ed0	147994	.rodata	s_NetworkIO_00147994
1576d8	148a0d	.rodata	s_Down_00148a0d
158ed8	14799e	.rodata	s_Network_IO_0014799e
155ec0	147c57	.rodata	DAT_00147c57
1566c0	1482db	.rodata	DAT_001482db
1576c0	1489f8	.rodata	s_Style_001489f8
157ec0	149647	.rodata	s_19_SIGSTOP_00149647
1586c0	1477d0	.rodata	s_Systemd_User:_001477d0
1596c0	1141e0	.text	FUNC:SingleColCPUsMeter_draw
15a6c0	1241a0	.text	FUNC:Panel_selectByTyping
15bec0	1237b0	.text	FUNC:GraphMeterMode_draw
155ec8	147c5a	.rodata	s_Black_Night_00147c5a
1566c8	1482df	.rodata	s_TTY_001482df
1576c8	1489ff	.rodata	s_Lock_001489ff
1586c8	14b260	.rodata	s_Systemd_user_state_and_unit_over_0014b260
158ec8	14d038	.rodata	NetworkIOMeter_attributes
15bec8	147753	.rodata	s_Graph_00147753
155ef0	1470d8	.rodata	DAT_001470d8
1566f0	14b750	.rodata	s_Process_ID_of_the_fg_process_gro_0014b750
1576f0	1470d7	.rodata	DAT_001470d7
157ef0	149668	.rodata	s_22_SIGTTOU_00149668
1586f0	11fe30	.text	FUNC:Meter_delete
1596f0	147ae6	.rodata	s_RightCPUs_00147ae6
159ef0	1200c0	.text	FUNC:ProcessLocksScreen_delete
15a6f0	11fe00	.text	FUNC:ListItem_delete
155ef8	1470d8	.rodata	DAT_001470d8
1576f8	148a22	.rodata	s_Delete_00148a22
1596f8	147af0	.rodata	s_CPUs_(2/2)_00147af0
15a6f8	11ff00	.text	FUNC:ListItem_compare
155ee0	1470d8	.rodata	DAT_001470d8
1566e0	1482fe	.rodata	s_TPGID_001482fe
1576e0	148a14	.rodata	s_Left_00148a14
157ee0	14965d	.rodata	s_21_SIGTTIN_0014965d
1586e0	15a020	.data.rel.ro	Meter_class
158ee0	1479a9	.rodata	s_Network:_001479a9
159ee0	14d100	.rodata	Object_class
15bee0	1209c0	.text	FUNC:TextMeterMode_draw
155ee8	1470d8	.rodata	DAT_001470d8
1566e8	1482fe	.rodata	s_TPGID_001482fe
1576e8	148a1b	.rodata	s_Right_00148a1b
1596e8	14d0c0	.rodata	CPUMeter_attributes
15a6e8	121640	.text	FUNC:ListItem_display
15bee8	147759	.rodata	DAT_00147759
155f10	1470d8	.rodata	DAT_001470d8
157f10	14967d	.rodata	s_24_SIGXCPU_0014967d
158f10	11fe30	.text	FUNC:Meter_delete
155f18	1470d8	.rodata	DAT_001470d8
158718	13d430	.text	FUNC:SELinuxMeter_updateValues
15bf18	14954a	.rodata	s_htop_00149541+9
155f00	1470d8	.rodata	DAT_001470d8
157700	147bf5	.rodata	s_Done_00147bf5
157f00	149673	.rodata	s_23_SIGURG_00149673
158f00	15a020	.data.rel.ro	Meter_class
159700	147826	.rodata	s_CPU_0014781d+9
159f00	12cd60	.text	FUNC:ProcessLocksScreen_scan
15bf00	1217e0	.text	FUNC:BarMeterMode_draw
155f08	1470d8	.rodata	DAT_001470d8
159708	14b480	.rodata	s_CPUs_(2/2):_second_half_of_list_0014b480
159f08	1283c0	.text	FUNC:ProcessLocksScreen_draw
15bf08	14775e	.rodata	DAT_0014775e
156730	14b790	.rodata	s_Number_of_minor_faults_which_hav_0014b790
157730	149c0c	.rodata	DAT_00149c0c
157f30	149693	.rodata	s_26_SIGVTALRM_00149693
158f30	121500	.text	FUNC:MemorySwapMeter_updateMode
159730	11fe30	.text	FUNC:Meter_delete
159f30	1200b0	.text	FUNC:OpenFilesScreen_delete
157738	1489f4	.rodata	DAT_001489f4
158f38	11fb10	.text	FUNC:MemorySwapMeter_updateValues
155f20	1470d8	.rodata	DAT_001470d8
156720	148312	.rodata	s_MINFLT_00148311+1
157720	1489e8	.rodata	s_Space_001489e8
157f20	149688	.rodata	DAT_00149688
158f20	123640	.text	FUNC:MemorySwapMeter_init
159720	15a020	.data.rel.ro	Meter_class
159f20	14d100	.rodata	Object_class
15bf20	155d20	.data.rel.ro	CRT_treeStrAscii
155f28	147bf5	.rodata	s_Done_00147bf5
156728	148304	.rodata	s_MINFLT_00148304
157728	147e3e	.rodata	s_Enter_00147e3e
158f28	11fe90	.text	FUNC:MemorySwapMeter_done
159728	11e6d0	.text	FUNC:CPUMeter_display
155f50	147c72	.rodata	s_Header_layout_00147c72
156750	14b7e0	.rodata	s_Children_processes'_minor_faults_0014b7e0
157f50	1496ab	.rodata	s_28_SIGWINCH_001496ab
158750	1477df	.rodata	s_SELinux_001477df
159750	1144b0	.text	FUNC:DualColCPUsMeter_updateMode
15bf50	12eb10	.text	FUNC:ScreenTabsPanel_delete_lto_priv_0
155f58	11cd90	.text	FUNC:CategoriesPanel_makeHeaderOptionsPage
158758	1477df	.rodata	s_SELinux_001477df
159758	114070	.text	FUNC:AllCPUsMeter_updateValues
155f40	14724d	.rodata	s_Display_options_0014724d
156740	148311	.rodata	s_CMINFLT_00148311
157740	147bf1	.rodata	DAT_00147bf1
157f40	1496a0	.rodata	s_27_SIGPROF_001496a0
158f40	11fb40	.text	FUNC:MemorySwapMeter_draw
159740	11ca50	.text	FUNC:DualColCPUsMeter_init
159f40	12b7f0	.text	FUNC:OpenFilesScreen_scan
15bf40	15a6a0	.data.rel.ro	Panel_class
155f48	119aa0	.text	FUNC:CategoriesPanel_makeDisplayOptionsPage
156748	148319	.rodata	s_CMINFLT_00148319
158748	14cfd4	.rodata	SELinuxMeter_attributes
159748	1144e0	.text	FUNC:AllCPUsMeter_done
159f48	128370	.text	FUNC:OpenFilesScreen_draw
155f70	147c87	.rodata	s_Screens_00147c87
156770	14b808	.rodata	s_Number_of_major_faults_which_hav_0014b808
157770	14c690	.rodata	s__0014c690
157f70	1496c0	.rodata	s_29_SIGPOLL_001496c0
158f70	1479b3	.rodata	s_MemorySwap_001479b3
159f70	126e80	.text	FUNC:MetersPanel_delete_lto_priv_0
15af70	15a2c0	.data.rel.ro	CPUMeter_class
155f78	11cd00	.text	FUNC:CategoriesPanel_makeScreensPage
157778	148a22	.rodata	s_Delete_00148a22
158f78	1479be	.rodata	s_Memory_&_Swap_001479be
155f60	147c80	.rodata	s_Meters_00147c80
156760	148334	.rodata	s_MAJFLT_00148334
157760	1489f8	.rodata	s_Style_001489f8
157f60	1496b7	.rodata	s_29_SIGIO_001496b7
158760	1477e7	.rodata	s_SELinux:_001477e7
159760	1141b0	.text	FUNC:DualColCPUsMeter_draw
159f60	15a6a0	.data.rel.ro	Panel_class
15bf60	136d60	.text	FUNC:ScreenTabsPanel_eventHandler
155f68	11cb80	.text	FUNC:CategoriesPanel_makeMetersPage
156768	148326	.rodata	s_MAJFLT_00148326
157768	148a29	.rodata	s_Move_00148a29
158768	1477f1	.rodata	s_SELinux_state_overview_001477f1
156790	14b858	.rodata	s_Children_processes'_major_faults_0014b858
157f90	1496d5	.rodata	s_31_SIGSYS_001496d5
158790	11fe30	.text	FUNC:Meter_delete
159790	147afb	.rodata	s_LeftCPUs2_00147afb
15bf90	12eb70	.text	FUNC:ScreenNamesPanel_delete
159798	147b05	.rodata	s_CPUs_(1&2/4)_00147b05
155f80	147246	.rodata	s_Colors_00147246
156780	148333	.rodata	DAT_00148333
157780	147bf5	.rodata	s_Done_00147bf5
157f80	1496cb	.rodata	s_30_SIGPWR_001496cb
158780	15a020	.data.rel.ro	Meter_class
158f80	1479cc	.rodata	DAT_001479cc
159f80	129b50	.text	FUNC:MetersPanel_eventHandler
15bf80	15a6a0	.data.rel.ro	Panel_class
155f88	118e70	.text	FUNC:CategoriesPanel_makeColorsPage
156788	14833b	.rodata	s_CMAJFLT_0014833b
158788	1445e0	.text	FUNC:PressureStallMeter_display
158f88	14b378	.rodata	s_Combined_memory_and_swap_usage_0014b378
159788	14d0c0	.rodata	CPUMeter_attributes
155fb0	147c99	.rodata	s_2_columns_-_50/50_(default)_00147c99
1567b0	14b880	.rodata	s_User_CPU_time_-_time_the_process_0014b880
1577b0	148a30	.rodata	DAT_00148a30
157fb0	14843f	.rodata	s_PERCENT_CPU_0014843f
158fb0	11fe30	.text	FUNC:Meter_delete
159fb0	126d80	.text	FUNC:MainPanel_delete
1577b8	148a30	.rodata	DAT_00148a30
1587b8	13d320	.text	FUNC:PressureStallMeter_updateValues
1567a0	14835d	.rodata	s_UTIME_0014835c+1
1577a0	148a30	.rodata	DAT_00148a30
157fa0	1496df	.rodata	DAT_001496df
158fa0	15a020	.data.rel.ro	Meter_class
1597a0	147826	.rodata	s_CPU_0014781d+9
159fa0	15a6a0	.data.rel.ro	Panel_class
15bfa0	136fb0	.text	FUNC:ScreenNamesPanel_eventHandler
155fa8	147c8f	.rodata	s_two_50_50_00147c8f
1567a8	148348	.rodata	s_UTIME+_00148348
1577a8	1470da	.rodata	DAT_001470da
157fa8	14c948	.rodata	s_PID_USER_PRIORITY_NICE_M_VIRT_M__0014c948
158fa8	129470	.text	FUNC:MemoryMeter_display
1597a8	14b4a0	.rodata	s_CPUs_(1&2/4):_first_half_in_2_sh_0014b4a0
1567d0	14b8c0	.rodata	s_System_CPU_time_-_time_the_kerne_0014b8c0
1577d0	148a30	.rodata	DAT_00148a30
157fd0	1485b2	.rodata	s_IO_RATE_001485b2
1597d0	11fe30	.text	FUNC:Meter_delete
159fd0	129230	.text	FUNC:MainPanel_printHeader
15afd0	1565e0	.data.rel.ro	Process_fields
15bfd0	12ea80	.text	FUNC:ScreensPanel_delete
155fd8	147cd1	.rodata	s_two_67_33_00147cd1
1577d8	148a30	.rodata	DAT_00148a30
158fd8	1293a0	.text	FUNC:MemoryMeter_updateValues
155fc0	147cb5	.rodata	s_two_33_67_00147cb5
1567c0	14836e	.rodata	s_STIME_0014836d+1
1577c0	1470da	.rodata	DAT_001470da
157fc0	1496e4	.rodata	DAT_001496e4
1597c0	15a020	.data.rel.ro	Meter_class
159fc0	12b050	.text	FUNC:MainPanel_eventHandler
15bfc0	15a6a0	.data.rel.ro	Panel_class
155fc8	147cbf	.rodata	s_2_columns_-_33/67_00147cbf
1567c8	148352	.rodata	s_STIME+_00148352
1577c8	148a30	.rodata	DAT_00148a30
157fc8	14c9a8	.rodata	s_PID_USER_IO_PRIORITY_IO_RATE_IO__0014c9a8
1597c8	11e6d0	.text	FUNC:CPUMeter_display
159fc8	1291c0	.text	FUNC:MainPanel_drawFunctionBar
155ff0	147ced	.rodata	s_three_33_34_33_00147ced
1567f0	14b910	.rodata	s_Children_processes'_user_CPU_tim_0014b910
1577f0	148a35	.rodata	DAT_00148a35
157ff0	1470d8	.rodata	DAT_001470d8
1587f0	147808	.rodata	s_PressureStallCPUSome_00147808
1597f0	1144b0	.text	FUNC:DualColCPUsMeter_updateMode
159ff0	126c50	.text	FUNC:HeaderOptionsPanel_delete_lto_priv_0
155ff8	147cfc	.rodata	s_3_columns_-_33/34/33_00147cfc
1577f8	148a3a	.rodata	DAT_00148a3a
157ff8	1470d8	.rodata	DAT_001470d8
1587f8	14781d	.rodata	s_PSI_some_CPU_0014781d
1597f8	114070	.text	FUNC:AllCPUsMeter_updateValues
155fe0	147cdb	.rodata	s_2_columns_-_67/33_00147cdb
1567e0	14835c	.rodata	s_CUTIME_0014835c
1577e0	148a30	.rodata	DAT_00148a30
157fe0	1470d8	.rodata	DAT_001470d8
1597e0	11ca50	.text	FUNC:DualColCPUsMeter_init
159fe0	15a6a0	.data.rel.ro	Panel_class
15afe0	15a360	.data.rel.ro	DynamicMeter_class
15bfe0	135d60	.text	FUNC:ScreensPanel_eventHandler
1567e8	148363	.rodata	s_CUTIME+_00148363
1577e8	148a30	.rodata	DAT_00148a30
157fe8	1470d8	.rodata	DAT_001470d8
1587e8	14cfd8	.rodata	PressureStallMeter_attributes
1597e8	1144e0	.text	FUNC:AllCPUsMeter_done
