Vector_delete	0	Vector	param
RichString_setLen	0	RichString	param
Vector_set	0	Vector	param
RichString_appendAscii	0	RichString	param
RichString_appendnAscii	0	RichString	param
RichString_writeAscii	0	RichString	param
Vector_insert	0	Vector	param
Vector_insertionSort	0	Vector	param
RichString_appendWide	0	RichString	param
Vector_prune	0	Vector	param
Vector_splice	0	Vector	param
ScreenManager_resize	0	ScreenManager	param
Panel_init	0	Panel	param
Panel_add	0	Panel	param
Machine_scanTables	0	Machine	param
Panel_draw	0	Panel	param
Panel_selectByTyping	0	Panel	param
InfoScreen_init	0	InfoScreen	param
Header_updateData	0	Header	param
Header_draw	0	Header	param
Panel_onKey	0	Panel	param
Panel_moveSelectedDown	0	Panel	param
Panel_remove	0	Panel	param
Machine_scan	0	LinuxMachine_	cast
InfoScreen_addLine	0	InfoScreen	param
InfoScreen_drawTitled	0	InfoScreen	param
FunctionBar_delete	0	FunctionBar	param
Hashtable_clear	0	Hashtable	param
FunctionBar_synthesizeEvent	0	FunctionBar	param
FunctionBar_setLabel	0	FunctionBar	param
IncSet_filter	0	IncSet	param
Vector_size	0	Vector	param
Vector_get	0	Vector	param
Process_getPid	0	Process	param
ScreenSettings_getActiveSortKey	0	ScreenSettings	param
Process_isUserlandThread	0	Process	param
Process_isKernelThread	0	Process	param
Process_getThreadGroup	0	Process	param
Table_compact	0	Table	param
AllCPUsMeter_updateValues	0	Meter	param
CPUMeterCommonDraw	0	Meter	param
DualColCPUsMeter_draw	0	Meter	param
QuadColCPUsMeter_draw	0	Meter	param
OctoColCPUsMeter_draw	0	Meter	param
SingleColCPUsMeter_draw	0	Meter	param
DynamicMeter_display	0	Meter_	cast
DynamicMeter_getCaption	0	Meter	param
CPUMeterCommonUpdateMode	0	Meter	param
SingleColCPUsMeter_updateMode	0	Meter	param
DualColCPUsMeter_updateMode	0	Meter	param
QuadColCPUsMeter_updateMode	0	Meter	param
OctoColCPUsMeter_updateMode	0	Meter	param
AllCPUsMeter_done	0	Meter	param
Meter_delete	0	Meter_	cast
insert	0	Hashtable	param
ClockMeter_updateValues	0	Meter	param
DateMeter_updateValues	0	Meter	param
DateTimeMeter_updateValues	0	Meter	param
Hashtable_get	0	Hashtable	param
Affinity_delete	0	Affinity	param
Affinity_rowGet	0	Process_	cast
Hashtable_foreach	0	Hashtable	param
Affinity_rowSet	0	Process_	cast
ColorsPanel_eventHandler	0	ColorsPanel_	cast
DynamicColumn_done	0	DynamicColumn	param
DynamicScreen_done	0	DynamicScreen	param
FunctionBar_drawExtra	0	FunctionBar	param
FunctionBar_draw	0	FunctionBar	param
Hashtable_delete	0	Hashtable	param
AvailableColumnsPanel_delete	0	AvailableColumnsPanel_	cast
MaskItem_delete	0	MaskItem_	cast
AffinityPanel_delete	0	AffinityPanel_	cast
AvailableMetersPanel_delete	0	AvailableMetersPanel_	cast
CommandScreen_delete	0	Object	param
Action_pickFromVector	1	MainPanel_	cast
ScreenManager_insert	0	ScreenManager	param
ScreenManager_run	0	ScreenManager	param
Affinity_add	0	Affinity	param
AffinityPanel_getAffinity	0	AffinityPanel_	cast
ColumnsPanel_update	0	ColumnsPanel_	cast
Hashtable_setSize	0	Hashtable	param
Hashtable_put	0	Hashtable	param
Hashtable_remove	0	Hashtable	param
CategoriesPanel_makeDisplayOptionsPage	0	CategoriesPanel	param
CategoriesPanel_makeColorsPage	0	CategoriesPanel	param
Table_collapseAllBranches	0	Table	param
IncSet_drawBar	0	IncSet	param
AvailableColumnsPanel_eventHandler	0	AvailableColumnsPanel_	cast
Header_writeBackToSettings	0	Header	param
InfoScreen_run	0	InfoScreen	param
TraceScreen_forkTracer	0	TraceScreen	param
TraceScreen_delete	0	TraceScreen_	cast
MaskItem_display	0	MaskItem_	cast
AffinityPanel_update	0	AffinityPanel	param
AffinityPanel_eventHandler	0	AffinityPanel_	cast
ColumnsPanel_fill	0	ColumnsPanel	param
AvailableColumnsPanel_addPlatformColumns	0	AvailableColumnsPanel	param
AvailableColumnsPanel_fill	0	AvailableColumnsPanel	param
CPUMeter_init	0	Meter	param
CPUMeter_getUiName	0	Meter	param
DynamicMeter_getUiName	0	Meter	param
AvailableMetersPanel_eventHandler	0	AvailableMetersPanel_	cast
Meter_toListItem	0	Meter	param
Header_calculateHeight	0	Header	param
CPUMeterCommonInit	0	Meter	param
SingleColCPUsMeter_init	0	Meter	param
DualColCPUsMeter_init	0	Meter	param
QuadColCPUsMeter_init	0	Meter	param
OctoColCPUsMeter_init	0	Meter	param
BatteryMeter_updateValues	0	Meter	param
CategoriesPanel_makeMetersPage	0	CategoriesPanel	param
CategoriesPanel_makeScreensPage	0	CategoriesPanel	param
CategoriesPanel_makeHeaderOptionsPage	0	CategoriesPanel	param
CategoriesPanel_eventHandler	0	CategoriesPanel_	cast
ScreenManager_remove	0	ScreenManager	param
ColumnsPanel_eventHandler	0	ColumnsPanel_	cast
Settings_write	0	Settings	param
Machine_populateTablesFromSettings	0	Machine	param
Header_populateFromSettings	0	Header	param
Settings_delete	0	Settings	param
CommandScreen_scan	0	InfoScreen	param
CommandScreen_draw	0	InfoScreen	param
EnvScreen_draw	0	InfoScreen	param
CPUMeter_updateValues	0	Meter	param
Platform_setCPUValues	0	Meter	param
CPUMeter_display	0	Meter_	cast
FileDescriptorMeter_display	0	Meter_	cast
DiskIOMeter_updateValues	0	Meter	param
DisplayOptionsPanel_eventHandler	0	DisplayOptionsPanel_	cast
NumberItem_increase	0	NumberItem	param
Header_reinit	0	Header	param
EnvScreen_scan	0	InfoScreen	param
FileDescriptorMeter_updateValues	0	Meter	param
MainPanel_getValue	0	Panel	param
MemorySwapMeter_updateValues	0	Meter	param
MemorySwapMeter_draw	0	Meter	param
BlankMeter_updateValues	0	Meter	param
Process_rowGetSortKey	0	Process_	cast
Process_rowIsHighlighted	0	Process_	cast
Process_rowIsVisible	0	Process_	cast
ProcessTable_prepareEntries	0	ProcessTable_	cast
Row_display	0	Row_	cast
ListItem_delete	0	ListItem_	cast
MemorySwapMeter_done	0	Meter	param
OptionItem_delete	0	OptionItem_	cast
TextItem_display	0	TextItem_	cast
HostnameMeter_updateValues	0	Meter	param
ProcessTable_iterateEntries	0	ProcessTable_	cast
Panel_getSelectedIndex	0	Panel	param
Panel_get	0	Panel	param
CheckItem_set	0	CheckItem	param
Panel_setHeader	0	Panel	param
TextMeterMode_draw	0	Meter	param
RichString_writeWide	0	RichString	param
LEDMeterMode_draw	0	Meter	param
IncSet_reset	0	IncSet	param
IncSet_setFilter	0	IncSet	param
Panel_setSelected	0	Panel	param
Panel_getSelected	0	Panel	param
Panel_size	0	Panel	param
Panel_resize	0	Panel	param
Machine_done	0	Machine	param
Machine_setTablesPanel	0	Machine	param
Table_cleanupEntries	0	Table	param
Panel_setSelectionColor	0	Panel	param
MainPanel_selectedRow	0	MainPanel	param
MainPanel_foreachRow	0	MainPanel	param
MainPanel_setState	0	MainPanel	param
MainPanel_setFunctionBar	0	MainPanel	param
Meter_setMode	0	Meter	param
MemorySwapMeter_updateMode	0	Meter	param
MetersPanel_setMoving	0	MetersPanel	param
Panel_moveSelectedUp	0	Panel	param
Process_getCommand	0	Process	param
ListItem_display	0	ListItem_	cast
BarMeterMode_draw	0	Meter	param
CheckItem_get	0	CheckItem	param
CheckItem_toggle	0	CheckItem	param
NumberItem_get	0	NumberItem	param
NumberItem_decrease	0	NumberItem	param
NumberItem_toggle	0	NumberItem	param
Panel_setCursorToSelection	0	Panel	param
Panel_move	0	Panel	param
Panel_getCh	0	Panel	param
Process_fillStarttimeBuffer	0	Process	param
Process_writeCommand	0	Process	param
Process_done	0	Process	param
Process_init	0	Process	param
Row_init	0	Row	param
Process_rowSendSignal	0	Process_	cast
Process_setPriority	0	Process	param
Process_rowChangePriorityBy	0	Process_	cast
Process_rowSetPriority	0	Process_	cast
ProcessTable_getProcess	0	ProcessTable	param
Header_delete	0	Header	param
Header_setLayout	0	Header	param
Vector_take	0	Vector	param
ListItem_init	0	ListItem	param
ListItem_append	0	ListItem	param
Header_addMeterByClass	0	Header	param
MemorySwapMeter_init	0	Meter	param
Meter_setCaption	0	Meter	param
GraphMeterMode_draw	0	Meter	param
Process_makeCommandStr	0	Process	param
Process_updateComm	0	Process	param
Process_updateCmdline	0	Process	param
Process_updateExe	0	Process	param
Panel_prune	0	Panel	param
Settings_setHeaderLayout	0	Settings	param
Panel_done	0	Panel	param
IncSet_delete	0	IncSet	param
InfoScreen_done	0	InfoScreen	param
MainPanel_delete	0	MainPanel_	cast
HeaderOptionsPanel_eventHandler	0	HeaderOptionsPanel_	cast
IncSet_activate	0	IncSet	param
OpenFilesScreen_draw	0	InfoScreen	param
ProcessLocksScreen_draw	0	InfoScreen	param
Process_rowMatchesFilter	0	Process_	cast
IncSet_synthesizeEvent	0	IncSet	param
LoadAverageMeter_updateValues	0	Meter	param
LoadMeter_updateValues	0	Meter	param
LoadAverageMeter_display	0	Meter_	cast
LoadMeter_display	0	Meter_	cast
Machine_init	0	Machine	param
MainPanel_updateLabels	0	MainPanel	param
MainPanel_drawFunctionBar	0	MainPanel_	cast
MainPanel_printHeader	0	MainPanel_	cast
MemoryMeter_updateValues	0	Meter	param
Platform_setMemoryValues	0	Meter	param
MemoryMeter_display	0	Meter_	cast
CheckItem_display	0	CheckItem_	cast
NumberItem_display	0	NumberItem_	cast
Panel_insert	0	Panel	param
MetersPanel_eventHandler	0	MetersPanel_	cast
Vector_remove	0	Vector	param
NetworkIOMeter_updateValues	0	Meter	param
IncSet_handleKey	0	IncSet	param
MainPanel_eventHandler	0	MainPanel_	cast
InfoScreen_appendLine	0	InfoScreen	param
Panel_set	0	Panel	param
Panel_splice	0	Panel	param
Process_writeField	0	Process	param
Process_rowWriteField	0	Process_	cast
ProcessLocksScreen_scan	0	InfoScreen	param
ProcessTable_init	0	ProcessTable	param
ProcessTable_done	0	ProcessTable	param
Vector_compact	0	Vector	param
Table_prepareEntries	0	Table	param
ScreenListItem_delete	0	ScreenListItem_	cast
startRenaming	0	ScreensPanel_	cast
SysArchMeter_updateValues	0	Meter	param
Row_toggleTag	0	Row	param
RichString_setAttrn	0	RichString	param
RichString_findChar	0	RichString	param
RichString_delete	0	RichString	param
RichString_setAttr	0	RichString	param
Scheduling_rowSetPolicy	0	Process_	cast
ScreenManager_size	0	ScreenManager	param
ScreenSettings_delete	0	ScreenSettings	param
Vector_moveUp	0	Vector	param
ScreenSettings_invertSortOrder	0	ScreenSettings	param
ScreenSettings_setSortKey	0	ScreenSettings	param
Table_setPanel	0	Table	param
Vector_softRemove	0	Vector	param
Vector_quickSortCustomCompare	0	Vector	param
Table_expandTree	0	Table	param
UsersTable_foreach	0	UsersTable	param
ScreenManager_delete	0	ScreenManager	param
Vector_moveDown	0	Vector	param
Vector_indexOf	0	Vector	param
TasksMeter_updateValues	0	Meter	param
ScreensPanel_delete	0	Panel_	cast
ScreenNamesPanel_delete	0	ScreenNamesPanel_	cast
SwapMeter_updateValues	0	Meter	param
Platform_setSwapValues	0	Meter	param
Table_done	0	Table	param
Table_delete	0	Table_	cast
UsersTable_delete	0	UsersTable	param
Table_removeIndex	0	Table	param
TraceScreen_draw	0	InfoScreen	param
TraceScreen_updateTrace	0	TraceScreen_	cast
TraceScreen_onKey	0	TraceScreen_	cast
UptimeMeter_updateValues	0	Meter	param
RichString_appendChr	0	RichString	param
RichString_rewind	0	RichString	param
RichString_appendnWideColumns	0	RichString	param
RichString_appendnWide	0	RichString	param
TasksMeter_display	0	Meter_	cast
SwapMeter_display	0	Meter_	cast
ScreensPanel_update	0	ScreensPanel_	cast
Settings_defaultMeters	0	Settings	param
Table_init	0	Table	param
UsersTable_getRef	0	UsersTable	param
ScreenManager_add	0	ScreenManager	param
Table_add	0	Table	param
Table_buildTreeBranch	0	Table	param
Table_buildTree	0	Table	param
Table_updateDisplayList	0	Table	param
Table_rebuildPanel	0	Table	param
Vector_add	0	Vector	param
Settings_readMeters	0	Settings	param
Settings_readMeterModes	0	Settings	param
Settings_newScreen	0	Settings	param
ScreensPanel_eventHandler	0	ScreensPanel_	cast
Settings_newDynamicScreen	0	Settings	param
ScreenNamesPanel_eventHandlerNormal	0	ScreenNamesPanel_	cast
ScreenTabsPanel_eventHandler	0	ScreenTabsPanel_	cast
ScreenNamesPanel_eventHandler	0	ScreenNamesPanel_	cast
Settings_read	0	Settings	param
Process_delete	0	LinuxProcess_	cast
SystemdMeter_done	0	Meter	param
scanCPUFrequencyFromCPUinfo	0	LinuxMachine	param
LinuxProcessTable_readStatusFile	0	LinuxProcess_	cast
IOPriorityPanel_getIOPriority	0	Panel	param
Machine_delete	0	LinuxMachine_	cast
Machine_isCPUonline	0	LinuxMachine_	cast
LinuxProcess_updateIOPriority	0	LinuxProcess_	cast
LinuxProcess_rowSetIOPriority	0	Process_	cast
Platform_setZramValues	0	Meter	param
Platform_setZfsArcValues	0	Meter	param
ZfsArcMeter_readStats	0	Meter	param
Platform_setZfsCompressedArcValues	0	Meter	param
ZfsCompressedArcMeter_readStats	0	Meter	param
PressureStallMeter_updateValues	0	Meter	param
SELinuxMeter_updateValues	0	Meter	param
ZfsCompressedArcMeter_updateValues	0	Meter	param
LinuxProcess_rowChangeAutogroupPriorityBy	0	Process_	cast
LinuxProcessTable_initTtyDrivers	0	LinuxProcessTable	param
SystemdMeter_updateValues	0	Meter	param
HugePageMeter_updateValues	0	Meter	param
ZramMeter_updateValues	0	Meter	param
ZfsArcMeter_updateValues	0	Meter	param
HugePageMeter_display	0	Meter_	cast
ZramMeter_display	0	Meter_	cast
ZfsArcMeter_display	0	Meter_	cast
LinuxMachine_updateCPUcount	0	LinuxMachine	param
LinuxMachine_scanCPUTime	0	LinuxMachine	param
LinuxProcess_rowWriteField	0	LinuxProcess_	cast
LinuxProcess_compareByKey	0	LinuxProcess_	cast
LinuxProcess_compareByKey	1	LinuxProcess_	cast
ProcessTable_delete	0	LinuxProcessTable_	cast
PressureStallMeter_display	0	Meter_	cast
ZfsCompressedArcMeter_display	0	Meter_	cast
LinuxProcessTable_recurseProcTree	0	LinuxProcessTable	param
ProcessTable_goThroughEntries	0	LinuxProcessTable_	cast
scanCPUFrequencyFromSysCPUFreq	0	LinuxMachine	param
ListItem_getRef	0	ListItem	param
Row_isChildOf	0	Row	param
Row_getGroupOrParent	0	Row	param
AvailableColumnsPanel_addDynamicScreens	0	AvailableColumnsPanel	param
AvailableColumnsPanel_addDynamicColumns	0	AvailableColumnsPanel	param
AvailableColumnsPanel_insert	0	AvailableColumnsPanel	param
CategoriesPanel_delete	0	CategoriesPanel_	cast
ColorsPanel_delete	0	ColorsPanel_	cast
ColumnsPanel_delete	0	ColumnsPanel_	cast
AllCPUsMeter_getRange	0	Meter	param
DisplayOptionsPanel_delete	0	DisplayOptionsPanel_	cast
EnvScreen_delete	0	Object	param
calcColumnWidthCount	0	Header	param
Header_addMeterByName	0	Header	param
HeaderOptionsPanel_delete	0	HeaderOptionsPanel_	cast
IncSet_deactivate	0	IncSet	param
search	0	IncSet	param
updateWeakPanel	0	IncSet	param
Vector_type	0	Vector	param
Machine_addTable	0	Machine	param
MainPanel_idSearch	0	MainPanel	param
Meter_displayBuffer	0	Meter	param
moveToNeighbor	0	MetersPanel	param
MetersPanel_delete	0	MetersPanel_	cast
OpenFilesScreen_delete	0	Object	param
Process_isThread	0	Process	param
Panel_headerHeight	0	Panel	param
Panel_delete	0	Panel_	cast
Process_sendSignal	0	Process	param
Process_matchesFilter	0	Process	param
Process_matchesFilter	1	ProcessTable_	cast
Process_isHighlighted	0	Process	param
Process_getSortKey	0	Process	param
ScreenSettings_getActiveDirection	0	ScreenSettings	param
Process_getParent	0	Process	param
ProcessLocksScreen_delete	0	Object	param
Process_setPid	0	Process	param
Row_isTomb	0	Row	param
Row_isNew	0	Row	param
Row_done	0	Row	param
RichString_writeFromAscii	0	RichString	param
RichString_writeFromWide	0	RichString	param
RichString_extendLen	0	RichString	param
ScreenManager_drawPanels	0	ScreenManager	param
ScreenManager_drawScreenTabs	0	ScreenManager	param
checkRecalculation	0	ScreenManager	param
header_height	0	ScreenManager	param
ScreensPanel_eventHandlerNormal	0	ScreensPanel_	cast
addNewScreen	0	ScreensPanel_	cast
rebuildSettingsArray	0	ScreensPanel_	cast
ScreensPanel_eventHandlerRenaming	0	ScreensPanel_	cast
ScreenNamesPanel_eventHandlerRenaming	0	ScreenNamesPanel_	cast
renameScreenSettings	0	ScreenNamesPanel	param
renameScreenSettings	1	ScreenNameListItem_	cast
ScreenTabsPanel_delete	0	ScreenTabsPanel_	cast
ScreenNamesPanel_fill	0	ScreenNamesPanel	param
writeMeterModes	0	Settings	param
writeMeters	0	Settings	param
Settings_defaultScreens	0	Settings	param
Settings_validateMeters	0	Settings	param
Table_findRow	0	Table	param
Vector_resizeIfNecessary	0	Vector	param
Vector_isDirty	0	Vector	param
LinuxMachine_scanCPUFrequency	0	LinuxMachine	param
LinuxMachine_scanZfsArcstats	0	LinuxMachine	param
LinuxMachine_scanZramInfo	0	LinuxMachine	param
LinuxMachine_scanHugePages	0	LinuxMachine	param
LinuxMachine_scanMemoryInfo	0	LinuxMachine	param
LinuxProcess_effectiveIOPriority	0	LinuxProcess	param
LinuxProcessTable_readDelayAcctData	0	LinuxProcessTable	param
LinuxProcessTable_initNetlinkSocket	0	LinuxProcessTable	param
ProcessTable_add	0	ProcessTable	param
Process_setParent	0	Process	param
Process_setThreadGroup	0	Process	param
ZfsCompressedArcMeter_printRatioString	0	Meter	param
